"","from","to","freq"
"1","BT01","BT01",370
"2","BT01","BT03",134
"3","BT01","BT04",56
"4","BT01","BT05",250
"5","BT01","CBD03",137
"6","BT01","CBD04",31
"7","BT01","CBD05",151
"8","BT01","CBD06",442
"9","BT01","CBD07",67
"10","BT01","CBD13",565
"11","BT01","CD01",3
"12","BT01","CH01",59
"13","BT01","CH02",15
"14","BT01","CH03",16
"15","BT01","CH05",15
"16","BT01","CH06",5
"17","BT01","CH07",12
"18","BT01","CH08",22
"19","BT01","CH09",28
"20","BT01","CH12",37
"21","BT01","CH15",4
"22","BT01","DPD01",137
"23","BT01","EL01",220
"24","BT01","EL03",48
"25","BT01","EL05",23
"26","BT01","FH01",14
"27","BT01","FH04",2
"28","BT01","ID04",82
"29","BT01","PS04",137
"30","BT01","PS05",219
"31","BT01","SLU01",257
"32","BT01","SLU02",121
"33","BT01","SLU04",125
"34","BT01","SLU07",260
"35","BT01","SLU15",270
"36","BT01","SLU16",111
"37","BT01","SLU17",115
"38","BT01","SLU18",102
"39","BT01","SLU19",131
"40","BT01","SLU20",40
"41","BT01","SLU21",4
"42","BT01","UD01",8
"43","BT01","UD02",6
"44","BT01","UD04",16
"45","BT01","UD07",5
"46","BT01","UW01",3
"47","BT01","UW02",1
"48","BT01","UW04",13
"49","BT01","UW06",2
"50","BT01","UW07",2
"51","BT01","UW10",4
"52","BT01","WF01",504
"53","BT01","WF04",484
"54","BT03","BT01",175
"55","BT03","BT03",169
"56","BT03","BT04",44
"57","BT03","BT05",135
"58","BT03","CBD03",147
"59","BT03","CBD04",18
"60","BT03","CBD05",194
"61","BT03","CBD06",267
"62","BT03","CBD07",40
"63","BT03","CBD13",506
"64","BT03","CD01",1
"65","BT03","CH01",10
"66","BT03","CH02",7
"67","BT03","CH03",4
"68","BT03","CH05",4
"69","BT03","CH06",3
"70","BT03","CH07",12
"71","BT03","CH08",9
"72","BT03","CH09",22
"73","BT03","CH12",34
"74","BT03","CH15",1
"75","BT03","DPD01",263
"76","BT03","DPD03",4
"77","BT03","EL01",15
"78","BT03","EL03",29
"79","BT03","EL05",19
"80","BT03","FH01",7
"81","BT03","FH04",7
"82","BT03","ID04",35
"83","BT03","PS04",182
"84","BT03","PS05",110
"85","BT03","SLU01",75
"86","BT03","SLU02",42
"87","BT03","SLU04",423
"88","BT03","SLU07",137
"89","BT03","SLU15",305
"90","BT03","SLU16",77
"91","BT03","SLU17",60
"92","BT03","SLU18",37
"93","BT03","SLU19",226
"94","BT03","SLU20",20
"95","BT03","UD01",45
"96","BT03","UD02",2
"97","BT03","UD04",8
"98","BT03","UD07",2
"99","BT03","UW04",11
"100","BT03","UW07",1
"101","BT03","WF01",160
"102","BT03","WF04",95
"103","BT04","BT01",95
"104","BT04","BT03",67
"105","BT04","BT04",89
"106","BT04","BT05",47
"107","BT04","CBD03",49
"108","BT04","CBD04",10
"109","BT04","CBD05",156
"110","BT04","CBD06",56
"111","BT04","CBD07",20
"112","BT04","CBD13",128
"113","BT04","CD01",1
"114","BT04","CH01",7
"115","BT04","CH02",9
"116","BT04","CH03",5
"117","BT04","CH05",1
"118","BT04","CH07",19
"119","BT04","CH08",8
"120","BT04","CH09",4
"121","BT04","CH12",10
"122","BT04","DPD01",404
"123","BT04","EL01",21
"124","BT04","EL03",38
"125","BT04","EL05",12
"126","BT04","FH01",2
"127","BT04","ID04",14
"128","BT04","PS04",43
"129","BT04","PS05",81
"130","BT04","SLU01",69
"131","BT04","SLU02",148
"132","BT04","SLU04",139
"133","BT04","SLU07",50
"134","BT04","SLU15",55
"135","BT04","SLU16",35
"136","BT04","SLU17",60
"137","BT04","SLU18",39
"138","BT04","SLU19",61
"139","BT04","SLU20",70
"140","BT04","SLU21",1
"141","BT04","UD01",3
"142","BT04","UD04",10
"143","BT04","UD07",1
"144","BT04","UW04",3
"145","BT04","UW07",1
"146","BT04","WF01",56
"147","BT04","WF04",24
"148","BT05","BT01",242
"149","BT05","BT03",106
"150","BT05","BT04",58
"151","BT05","BT05",163
"152","BT05","CBD03",128
"153","BT05","CBD04",26
"154","BT05","CBD05",125
"155","BT05","CBD06",131
"156","BT05","CBD07",39
"157","BT05","CBD13",154
"158","BT05","CH01",173
"159","BT05","CH02",30
"160","BT05","CH03",19
"161","BT05","CH05",6
"162","BT05","CH06",4
"163","BT05","CH07",22
"164","BT05","CH08",27
"165","BT05","CH09",27
"166","BT05","CH12",34
"167","BT05","CH15",4
"168","BT05","DPD01",33
"169","BT05","DPD03",1
"170","BT05","EL01",27
"171","BT05","EL03",168
"172","BT05","EL05",7
"173","BT05","FH01",8
"174","BT05","FH04",9
"175","BT05","ID04",49
"176","BT05","PS04",119
"177","BT05","PS05",91
"178","BT05","SLU01",90
"179","BT05","SLU02",82
"180","BT05","SLU04",132
"181","BT05","SLU07",192
"182","BT05","SLU15",141
"183","BT05","SLU16",65
"184","BT05","SLU17",55
"185","BT05","SLU18",37
"186","BT05","SLU19",276
"187","BT05","SLU20",69
"188","BT05","SLU21",5
"189","BT05","UD04",2
"190","BT05","UD07",3
"191","BT05","UW02",2
"192","BT05","UW04",4
"193","BT05","UW06",2
"194","BT05","UW10",1
"195","BT05","WF01",123
"196","BT05","WF04",57
"197","CBD03","BT01",166
"198","CBD03","BT03",119
"199","CBD03","BT04",44
"200","CBD03","BT05",97
"201","CBD03","CBD03",178
"202","CBD03","CBD04",9
"203","CBD03","CBD05",78
"204","CBD03","CBD06",62
"205","CBD03","CBD07",51
"206","CBD03","CBD13",114
"207","CBD03","CD01",10
"208","CBD03","CH01",56
"209","CBD03","CH02",39
"210","CBD03","CH03",62
"211","CBD03","CH05",28
"212","CBD03","CH06",6
"213","CBD03","CH07",29
"214","CBD03","CH08",65
"215","CBD03","CH09",66
"216","CBD03","CH12",50
"217","CBD03","CH15",19
"218","CBD03","DPD01",73
"219","CBD03","EL01",33
"220","CBD03","EL03",56
"221","CBD03","EL05",12
"222","CBD03","FH01",29
"223","CBD03","FH04",23
"224","CBD03","ID04",54
"225","CBD03","PS04",172
"226","CBD03","PS05",102
"227","CBD03","SLU01",174
"228","CBD03","SLU02",115
"229","CBD03","SLU04",95
"230","CBD03","SLU07",160
"231","CBD03","SLU15",59
"232","CBD03","SLU16",34
"233","CBD03","SLU17",43
"234","CBD03","SLU18",69
"235","CBD03","SLU19",98
"236","CBD03","SLU20",18
"237","CBD03","UD01",3
"238","CBD03","UD02",3
"239","CBD03","UD04",11
"240","CBD03","UD07",6
"241","CBD03","UW02",3
"242","CBD03","UW04",3
"243","CBD03","UW07",3
"244","CBD03","UW10",1
"245","CBD03","WF01",107
"246","CBD03","WF04",67
"247","CBD04","BT01",47
"248","CBD04","BT03",21
"249","CBD04","BT04",13
"250","CBD04","BT05",22
"251","CBD04","CBD03",10
"252","CBD04","CBD04",34
"253","CBD04","CBD05",9
"254","CBD04","CBD06",7
"255","CBD04","CBD07",11
"256","CBD04","CBD13",20
"257","CBD04","CD01",4
"258","CBD04","CH01",4
"259","CBD04","CH03",11
"260","CBD04","CH06",1
"261","CBD04","CH07",1
"262","CBD04","CH08",3
"263","CBD04","CH09",7
"264","CBD04","CH12",14
"265","CBD04","CH15",2
"266","CBD04","DPD01",2
"267","CBD04","EL01",1
"268","CBD04","EL03",11
"269","CBD04","EL05",2
"270","CBD04","FH01",1
"271","CBD04","FH04",2
"272","CBD04","ID04",17
"273","CBD04","PS04",72
"274","CBD04","PS05",54
"275","CBD04","SLU01",21
"276","CBD04","SLU02",11
"277","CBD04","SLU04",6
"278","CBD04","SLU07",65
"279","CBD04","SLU15",15
"280","CBD04","SLU16",21
"281","CBD04","SLU17",7
"282","CBD04","SLU18",11
"283","CBD04","SLU19",52
"284","CBD04","SLU20",12
"285","CBD04","UD02",4
"286","CBD04","WF01",33
"287","CBD04","WF04",29
"288","CBD05","BT01",117
"289","CBD05","BT03",118
"290","CBD05","BT04",171
"291","CBD05","BT05",154
"292","CBD05","CBD03",76
"293","CBD05","CBD04",13
"294","CBD05","CBD05",215
"295","CBD05","CBD06",45
"296","CBD05","CBD07",19
"297","CBD05","CBD13",242
"298","CBD05","CD01",2
"299","CBD05","CH01",50
"300","CBD05","CH02",13
"301","CBD05","CH03",1
"302","CBD05","CH05",8
"303","CBD05","CH06",7
"304","CBD05","CH07",5
"305","CBD05","CH08",10
"306","CBD05","CH09",13
"307","CBD05","CH12",18
"308","CBD05","CH15",3
"309","CBD05","DPD01",12
"310","CBD05","EL01",11
"311","CBD05","EL03",9
"312","CBD05","EL05",3
"313","CBD05","FH01",11
"314","CBD05","FH04",3
"315","CBD05","ID04",86
"316","CBD05","PS04",176
"317","CBD05","PS05",180
"318","CBD05","SLU01",25
"319","CBD05","SLU02",14
"320","CBD05","SLU04",36
"321","CBD05","SLU07",26
"322","CBD05","SLU15",186
"323","CBD05","SLU16",15
"324","CBD05","SLU17",14
"325","CBD05","SLU18",16
"326","CBD05","SLU19",166
"327","CBD05","SLU20",5
"328","CBD05","UD04",6
"329","CBD05","UD07",2
"330","CBD05","UW06",1
"331","CBD05","UW07",1
"332","CBD05","WF01",415
"333","CBD05","WF04",178
"334","CBD06","BT01",340
"335","CBD06","BT03",93
"336","CBD06","BT04",71
"337","CBD06","BT05",99
"338","CBD06","CBD03",58
"339","CBD06","CBD04",10
"340","CBD06","CBD05",61
"341","CBD06","CBD06",145
"342","CBD06","CBD07",80
"343","CBD06","CBD13",203
"344","CBD06","CD01",5
"345","CBD06","CH01",19
"346","CBD06","CH02",15
"347","CBD06","CH03",7
"348","CBD06","CH05",38
"349","CBD06","CH06",11
"350","CBD06","CH07",17
"351","CBD06","CH08",24
"352","CBD06","CH09",12
"353","CBD06","CH12",40
"354","CBD06","CH15",4
"355","CBD06","DPD01",25
"356","CBD06","EL01",8
"357","CBD06","EL03",10
"358","CBD06","EL05",7
"359","CBD06","FH01",4
"360","CBD06","FH04",12
"361","CBD06","ID04",117
"362","CBD06","Pronto shop",1
"363","CBD06","PS04",300
"364","CBD06","PS05",235
"365","CBD06","SLU01",56
"366","CBD06","SLU02",111
"367","CBD06","SLU04",45
"368","CBD06","SLU07",64
"369","CBD06","SLU15",162
"370","CBD06","SLU16",71
"371","CBD06","SLU17",30
"372","CBD06","SLU18",23
"373","CBD06","SLU19",139
"374","CBD06","SLU20",10
"375","CBD06","UD01",1
"376","CBD06","UD04",4
"377","CBD06","UD07",1
"378","CBD06","UW04",2
"379","CBD06","WF01",134
"380","CBD06","WF04",86
"381","CBD07","BT01",127
"382","CBD07","BT03",58
"383","CBD07","BT04",26
"384","CBD07","BT05",56
"385","CBD07","CBD03",35
"386","CBD07","CBD04",19
"387","CBD07","CBD05",51
"388","CBD07","CBD06",85
"389","CBD07","CBD07",112
"390","CBD07","CBD13",119
"391","CBD07","CD01",1
"392","CBD07","CH01",13
"393","CBD07","CH02",3
"394","CBD07","CH03",4
"395","CBD07","CH05",7
"396","CBD07","CH06",2
"397","CBD07","CH07",13
"398","CBD07","CH08",18
"399","CBD07","CH09",6
"400","CBD07","CH12",8
"401","CBD07","CH15",10
"402","CBD07","DPD01",18
"403","CBD07","EL01",5
"404","CBD07","EL03",29
"405","CBD07","EL05",4
"406","CBD07","FH01",11
"407","CBD07","FH04",10
"408","CBD07","ID04",183
"409","CBD07","Pronto shop",1
"410","CBD07","PS04",124
"411","CBD07","PS05",139
"412","CBD07","SLU01",89
"413","CBD07","SLU02",25
"414","CBD07","SLU04",33
"415","CBD07","SLU07",42
"416","CBD07","SLU15",69
"417","CBD07","SLU16",24
"418","CBD07","SLU17",9
"419","CBD07","SLU18",34
"420","CBD07","SLU19",79
"421","CBD07","SLU20",7
"422","CBD07","SLU21",1
"423","CBD07","UD01",1
"424","CBD07","UW04",4
"425","CBD07","WF01",59
"426","CBD07","WF04",65
"427","CBD13","BT01",574
"428","CBD13","BT03",242
"429","CBD13","BT04",96
"430","CBD13","BT05",103
"431","CBD13","CBD03",80
"432","CBD13","CBD04",14
"433","CBD13","CBD05",336
"434","CBD13","CBD06",176
"435","CBD13","CBD07",110
"436","CBD13","CBD13",308
"437","CBD13","CD01",5
"438","CBD13","CH01",46
"439","CBD13","CH02",19
"440","CBD13","CH03",38
"441","CBD13","CH05",29
"442","CBD13","CH06",15
"443","CBD13","CH07",41
"444","CBD13","CH08",73
"445","CBD13","CH09",75
"446","CBD13","CH12",83
"447","CBD13","CH15",60
"448","CBD13","DPD01",54
"449","CBD13","EL01",26
"450","CBD13","EL03",64
"451","CBD13","EL05",14
"452","CBD13","FH01",21
"453","CBD13","FH04",32
"454","CBD13","ID04",151
"455","CBD13","PS04",360
"456","CBD13","PS05",260
"457","CBD13","SLU01",135
"458","CBD13","SLU02",96
"459","CBD13","SLU04",164
"460","CBD13","SLU07",255
"461","CBD13","SLU15",235
"462","CBD13","SLU16",108
"463","CBD13","SLU17",64
"464","CBD13","SLU18",92
"465","CBD13","SLU19",254
"466","CBD13","SLU20",58
"467","CBD13","SLU21",2
"468","CBD13","UD01",1
"469","CBD13","UD02",5
"470","CBD13","UD04",21
"471","CBD13","UD07",6
"472","CBD13","UW02",1
"473","CBD13","UW04",7
"474","CBD13","UW07",1
"475","CBD13","UW10",4
"476","CBD13","WF01",266
"477","CBD13","WF04",105
"478","CD01","BT01",3
"479","CD01","BT03",1
"480","CD01","BT04",1
"481","CD01","BT05",3
"482","CD01","CBD03",13
"483","CD01","CBD04",2
"484","CD01","CBD05",5
"485","CD01","CBD06",8
"486","CD01","CBD07",38
"487","CD01","CBD13",7
"488","CD01","CD01",13
"489","CD01","CH01",1
"490","CD01","CH02",19
"491","CD01","CH03",1
"492","CD01","CH05",4
"493","CD01","CH06",10
"494","CD01","CH07",5
"495","CD01","CH08",49
"496","CD01","CH09",16
"497","CD01","CH12",2
"498","CD01","CH15",9
"499","CD01","DPD01",2
"500","CD01","EL03",1
"501","CD01","FH01",5
"502","CD01","FH04",31
"503","CD01","ID04",57
"504","CD01","PS04",70
"505","CD01","PS05",12
"506","CD01","SLU15",8
"507","CD01","SLU16",2
"508","CD01","SLU18",2
"509","CD01","SLU19",3
"510","CD01","SLU20",2
"511","CD01","UD04",3
"512","CD01","WF01",24
"513","CD01","WF04",8
"514","CH01","BT01",144
"515","CH01","BT03",23
"516","CH01","BT04",12
"517","CH01","BT05",119
"518","CH01","CBD03",277
"519","CH01","CBD04",18
"520","CH01","CBD05",51
"521","CH01","CBD06",237
"522","CH01","CBD07",29
"523","CH01","CBD13",125
"524","CH01","CD01",7
"525","CH01","CH01",72
"526","CH01","CH02",92
"527","CH01","CH03",294
"528","CH01","CH05",35
"529","CH01","CH06",15
"530","CH01","CH07",22
"531","CH01","CH08",80
"532","CH01","CH09",40
"533","CH01","CH12",69
"534","CH01","CH15",28
"535","CH01","DPD01",57
"536","CH01","DPD03",1
"537","CH01","EL01",86
"538","CH01","EL03",26
"539","CH01","EL05",55
"540","CH01","FH01",17
"541","CH01","FH04",22
"542","CH01","ID04",14
"543","CH01","PS04",279
"544","CH01","PS05",20
"545","CH01","SLU01",221
"546","CH01","SLU02",28
"547","CH01","SLU04",81
"548","CH01","SLU07",56
"549","CH01","SLU15",65
"550","CH01","SLU16",256
"551","CH01","SLU17",27
"552","CH01","SLU18",30
"553","CH01","SLU19",32
"554","CH01","SLU20",14
"555","CH01","SLU21",1
"556","CH01","UD02",4
"557","CH01","UD04",9
"558","CH01","UD07",9
"559","CH01","UW02",1
"560","CH01","UW04",1
"561","CH01","UW07",1
"562","CH01","UW10",2
"563","CH01","WF01",13
"564","CH01","WF04",18
"565","CH02","BT01",47
"566","CH02","BT03",26
"567","CH02","BT04",19
"568","CH02","BT05",187
"569","CH02","CBD03",229
"570","CH02","CBD04",14
"571","CH02","CBD05",160
"572","CH02","CBD06",74
"573","CH02","CBD07",32
"574","CH02","CBD13",284
"575","CH02","CD01",86
"576","CH02","CH01",219
"577","CH02","CH02",178
"578","CH02","CH03",163
"579","CH02","CH05",58
"580","CH02","CH06",50
"581","CH02","CH07",244
"582","CH02","CH08",437
"583","CH02","CH09",320
"584","CH02","CH12",156
"585","CH02","CH15",46
"586","CH02","DPD01",39
"587","CH02","DPD03",5
"588","CH02","EL01",10
"589","CH02","EL03",72
"590","CH02","EL05",93
"591","CH02","FH01",69
"592","CH02","FH04",89
"593","CH02","ID04",96
"594","CH02","PS04",66
"595","CH02","PS05",64
"596","CH02","SLU01",110
"597","CH02","SLU02",17
"598","CH02","SLU04",46
"599","CH02","SLU07",58
"600","CH02","SLU15",106
"601","CH02","SLU16",473
"602","CH02","SLU17",42
"603","CH02","SLU18",30
"604","CH02","SLU19",26
"605","CH02","SLU20",44
"606","CH02","UD01",8
"607","CH02","UD02",16
"608","CH02","UD04",70
"609","CH02","UD07",15
"610","CH02","UW01",4
"611","CH02","UW02",2
"612","CH02","UW04",24
"613","CH02","UW06",9
"614","CH02","UW07",8
"615","CH02","UW10",29
"616","CH02","WF01",8
"617","CH02","WF04",13
"618","CH03","BT01",65
"619","CH03","BT03",8
"620","CH03","BT04",12
"621","CH03","BT05",62
"622","CH03","CBD03",313
"623","CH03","CBD04",43
"624","CH03","CBD05",72
"625","CH03","CBD06",142
"626","CH03","CBD07",21
"627","CH03","CBD13",129
"628","CH03","CH01",261
"629","CH03","CH02",38
"630","CH03","CH03",73
"631","CH03","CH05",19
"632","CH03","CH06",5
"633","CH03","CH07",28
"634","CH03","CH08",81
"635","CH03","CH09",148
"636","CH03","CH12",125
"637","CH03","CH15",13
"638","CH03","DPD01",50
"639","CH03","DPD03",7
"640","CH03","EL01",22
"641","CH03","EL03",104
"642","CH03","EL05",42
"643","CH03","FH01",33
"644","CH03","FH04",25
"645","CH03","ID04",15
"646","CH03","PS04",53
"647","CH03","PS05",23
"648","CH03","SLU01",120
"649","CH03","SLU02",6
"650","CH03","SLU04",134
"651","CH03","SLU07",57
"652","CH03","SLU15",108
"653","CH03","SLU16",436
"654","CH03","SLU17",33
"655","CH03","SLU18",46
"656","CH03","SLU19",24
"657","CH03","SLU20",8
"658","CH03","SLU21",1
"659","CH03","UD02",11
"660","CH03","UD04",35
"661","CH03","UD07",6
"662","CH03","UW04",14
"663","CH03","UW06",6
"664","CH03","UW07",5
"665","CH03","UW10",50
"666","CH03","WF01",17
"667","CH03","WF04",12
"668","CH05","BT01",19
"669","CH05","BT03",20
"670","CH05","BT04",12
"671","CH05","BT05",76
"672","CH05","CBD03",283
"673","CH05","CBD04",16
"674","CH05","CBD05",29
"675","CH05","CBD06",49
"676","CH05","CBD07",77
"677","CH05","CBD13",148
"678","CH05","CD01",7
"679","CH05","CH01",98
"680","CH05","CH02",328
"681","CH05","CH03",168
"682","CH05","CH05",106
"683","CH05","CH06",31
"684","CH05","CH07",292
"685","CH05","CH08",310
"686","CH05","CH09",148
"687","CH05","CH12",124
"688","CH05","CH15",64
"689","CH05","DPD01",14
"690","CH05","DPD03",2
"691","CH05","EL01",122
"692","CH05","EL03",19
"693","CH05","EL05",24
"694","CH05","FH01",29
"695","CH05","FH04",98
"696","CH05","ID04",53
"697","CH05","Pronto shop",2
"698","CH05","PS04",101
"699","CH05","PS05",35
"700","CH05","SLU01",105
"701","CH05","SLU02",8
"702","CH05","SLU04",37
"703","CH05","SLU07",62
"704","CH05","SLU15",71
"705","CH05","SLU16",200
"706","CH05","SLU17",30
"707","CH05","SLU18",17
"708","CH05","SLU19",111
"709","CH05","SLU20",7
"710","CH05","UD01",14
"711","CH05","UD02",21
"712","CH05","UD04",105
"713","CH05","UD07",13
"714","CH05","UW04",22
"715","CH05","UW06",2
"716","CH05","UW07",15
"717","CH05","UW10",19
"718","CH05","WF01",6
"719","CH05","WF04",8
"720","CH06","BT01",10
"721","CH06","BT03",13
"722","CH06","BT04",4
"723","CH06","BT05",16
"724","CH06","CBD03",54
"725","CH06","CBD04",4
"726","CH06","CBD05",53
"727","CH06","CBD06",30
"728","CH06","CBD07",24
"729","CH06","CBD13",89
"730","CH06","CD01",39
"731","CH06","CH01",34
"732","CH06","CH02",97
"733","CH06","CH03",13
"734","CH06","CH05",15
"735","CH06","CH06",44
"736","CH06","CH07",20
"737","CH06","CH08",150
"738","CH06","CH09",45
"739","CH06","CH12",49
"740","CH06","CH15",77
"741","CH06","DPD01",54
"742","CH06","DPD03",1
"743","CH06","EL01",1
"744","CH06","EL03",6
"745","CH06","EL05",19
"746","CH06","FH01",9
"747","CH06","FH04",48
"748","CH06","ID04",64
"749","CH06","Pronto shop",1
"750","CH06","PS04",25
"751","CH06","PS05",31
"752","CH06","SLU01",34
"753","CH06","SLU02",5
"754","CH06","SLU04",97
"755","CH06","SLU07",55
"756","CH06","SLU15",42
"757","CH06","SLU16",194
"758","CH06","SLU17",16
"759","CH06","SLU18",2
"760","CH06","SLU19",9
"761","CH06","SLU20",8
"762","CH06","SLU21",1
"763","CH06","UD01",4
"764","CH06","UD02",2
"765","CH06","UD04",13
"766","CH06","UD07",4
"767","CH06","UW02",1
"768","CH06","UW04",2
"769","CH06","UW10",9
"770","CH06","WF01",26
"771","CH06","WF04",7
"772","CH07","BT01",114
"773","CH07","BT03",91
"774","CH07","BT04",108
"775","CH07","BT05",73
"776","CH07","CBD03",236
"777","CH07","CBD04",31
"778","CH07","CBD05",140
"779","CH07","CBD06",102
"780","CH07","CBD07",87
"781","CH07","CBD13",348
"782","CH07","CD01",14
"783","CH07","CH01",112
"784","CH07","CH02",466
"785","CH07","CH03",72
"786","CH07","CH05",328
"787","CH07","CH06",25
"788","CH07","CH07",144
"789","CH07","CH08",253
"790","CH07","CH09",190
"791","CH07","CH12",81
"792","CH07","CH15",120
"793","CH07","DPD01",16
"794","CH07","DPD03",4
"795","CH07","EL01",11
"796","CH07","EL03",35
"797","CH07","EL05",13
"798","CH07","FH01",79
"799","CH07","FH04",73
"800","CH07","ID04",165
"801","CH07","Pronto shop",1
"802","CH07","PS04",191
"803","CH07","PS05",47
"804","CH07","SLU01",275
"805","CH07","SLU02",32
"806","CH07","SLU04",31
"807","CH07","SLU07",265
"808","CH07","SLU15",115
"809","CH07","SLU16",454
"810","CH07","SLU17",10
"811","CH07","SLU18",7
"812","CH07","SLU19",69
"813","CH07","SLU20",26
"814","CH07","UD01",12
"815","CH07","UD02",3
"816","CH07","UD04",33
"817","CH07","UD07",6
"818","CH07","UW01",2
"819","CH07","UW02",2
"820","CH07","UW04",6
"821","CH07","UW06",5
"822","CH07","UW07",27
"823","CH07","UW10",7
"824","CH07","WF01",17
"825","CH07","WF04",16
"826","CH08","BT01",78
"827","CH08","BT03",143
"828","CH08","BT04",34
"829","CH08","BT05",63
"830","CH08","CBD03",173
"831","CH08","CBD04",14
"832","CH08","CBD05",70
"833","CH08","CBD06",284
"834","CH08","CBD07",51
"835","CH08","CBD13",252
"836","CH08","CD01",55
"837","CH08","CH01",106
"838","CH08","CH02",427
"839","CH08","CH03",163
"840","CH08","CH05",137
"841","CH08","CH06",61
"842","CH08","CH07",80
"843","CH08","CH08",186
"844","CH08","CH09",64
"845","CH08","CH12",241
"846","CH08","CH15",221
"847","CH08","DPD01",94
"848","CH08","DPD03",7
"849","CH08","EL01",39
"850","CH08","EL03",73
"851","CH08","EL05",78
"852","CH08","FH01",69
"853","CH08","FH04",199
"854","CH08","ID04",174
"855","CH08","PS04",84
"856","CH08","PS05",59
"857","CH08","SLU01",137
"858","CH08","SLU02",28
"859","CH08","SLU04",105
"860","CH08","SLU07",219
"861","CH08","SLU15",85
"862","CH08","SLU16",253
"863","CH08","SLU17",25
"864","CH08","SLU18",27
"865","CH08","SLU19",55
"866","CH08","SLU20",25
"867","CH08","UD01",6
"868","CH08","UD02",5
"869","CH08","UD04",44
"870","CH08","UD07",4
"871","CH08","UW02",1
"872","CH08","UW04",8
"873","CH08","UW06",1
"874","CH08","UW07",14
"875","CH08","WF01",21
"876","CH08","WF04",37
"877","CH09","BT01",68
"878","CH09","BT03",58
"879","CH09","BT04",24
"880","CH09","BT05",46
"881","CH09","CBD03",103
"882","CH09","CBD04",12
"883","CH09","CBD05",32
"884","CH09","CBD06",29
"885","CH09","CBD07",24
"886","CH09","CBD13",188
"887","CH09","CD01",13
"888","CH09","CH01",83
"889","CH09","CH02",408
"890","CH09","CH03",139
"891","CH09","CH05",81
"892","CH09","CH06",40
"893","CH09","CH07",73
"894","CH09","CH08",49
"895","CH09","CH09",97
"896","CH09","CH12",67
"897","CH09","CH15",63
"898","CH09","DPD01",18
"899","CH09","EL01",8
"900","CH09","EL03",27
"901","CH09","EL05",28
"902","CH09","FH01",60
"903","CH09","FH04",159
"904","CH09","ID04",55
"905","CH09","PS04",85
"906","CH09","PS05",30
"907","CH09","SLU01",86
"908","CH09","SLU02",18
"909","CH09","SLU04",19
"910","CH09","SLU07",51
"911","CH09","SLU15",53
"912","CH09","SLU16",245
"913","CH09","SLU17",8
"914","CH09","SLU18",73
"915","CH09","SLU19",64
"916","CH09","SLU20",46
"917","CH09","UD01",3
"918","CH09","UD02",5
"919","CH09","UD04",20
"920","CH09","UD07",9
"921","CH09","UW04",7
"922","CH09","UW06",4
"923","CH09","UW07",2
"924","CH09","UW10",3
"925","CH09","WF01",21
"926","CH09","WF04",22
"927","CH12","BT01",122
"928","CH12","BT03",67
"929","CH12","BT04",19
"930","CH12","BT05",74
"931","CH12","CBD03",65
"932","CH12","CBD04",12
"933","CH12","CBD05",27
"934","CH12","CBD06",300
"935","CH12","CBD07",16
"936","CH12","CBD13",176
"937","CH12","CD01",2
"938","CH12","CH01",42
"939","CH12","CH02",54
"940","CH12","CH03",166
"941","CH12","CH05",44
"942","CH12","CH06",15
"943","CH12","CH07",43
"944","CH12","CH08",110
"945","CH12","CH09",39
"946","CH12","CH12",54
"947","CH12","CH15",20
"948","CH12","DPD01",24
"949","CH12","EL01",10
"950","CH12","EL03",6
"951","CH12","EL05",32
"952","CH12","FH01",30
"953","CH12","FH04",28
"954","CH12","ID04",14
"955","CH12","PS04",141
"956","CH12","PS05",9
"957","CH12","SLU01",106
"958","CH12","SLU02",13
"959","CH12","SLU04",108
"960","CH12","SLU07",157
"961","CH12","SLU15",94
"962","CH12","SLU16",76
"963","CH12","SLU17",23
"964","CH12","SLU18",29
"965","CH12","SLU19",46
"966","CH12","SLU20",36
"967","CH12","UD01",5
"968","CH12","UD02",4
"969","CH12","UD04",10
"970","CH12","UD07",3
"971","CH12","UW02",4
"972","CH12","UW04",3
"973","CH12","UW07",2
"974","CH12","UW10",27
"975","CH12","WF01",33
"976","CH12","WF04",23
"977","CH15","BT01",25
"978","CH15","BT03",6
"979","CH15","BT04",2
"980","CH15","BT05",41
"981","CH15","CBD03",30
"982","CH15","CBD04",26
"983","CH15","CBD05",83
"984","CH15","CBD06",158
"985","CH15","CBD07",154
"986","CH15","CBD13",164
"987","CH15","CD01",13
"988","CH15","CH01",38
"989","CH15","CH02",130
"990","CH15","CH03",41
"991","CH15","CH05",39
"992","CH15","CH06",85
"993","CH15","CH07",100
"994","CH15","CH08",253
"995","CH15","CH09",68
"996","CH15","CH12",49
"997","CH15","CH15",109
"998","CH15","DPD01",15
"999","CH15","DPD03",3
"1000","CH15","EL01",16
"1001","CH15","EL03",22
"1002","CH15","EL05",34
"1003","CH15","FH01",13
"1004","CH15","FH04",135
"1005","CH15","ID04",27
"1006","CH15","PS04",133
"1007","CH15","PS05",26
"1008","CH15","SLU01",59
"1009","CH15","SLU02",8
"1010","CH15","SLU04",208
"1011","CH15","SLU07",113
"1012","CH15","SLU15",30
"1013","CH15","SLU16",144
"1014","CH15","SLU17",66
"1015","CH15","SLU18",24
"1016","CH15","SLU19",9
"1017","CH15","SLU20",3
"1018","CH15","UD01",4
"1019","CH15","UD02",7
"1020","CH15","UD04",45
"1021","CH15","UD07",7
"1022","CH15","UW02",3
"1023","CH15","UW04",9
"1024","CH15","UW06",3
"1025","CH15","UW07",10
"1026","CH15","UW10",12
"1027","CH15","WF01",14
"1028","CH15","WF04",23
"1029","DPD01","BT01",97
"1030","DPD01","BT03",112
"1031","DPD01","BT04",286
"1032","DPD01","BT05",27
"1033","DPD01","CBD03",45
"1034","DPD01","CBD04",2
"1035","DPD01","CBD05",34
"1036","DPD01","CBD06",20
"1037","DPD01","CBD07",15
"1038","DPD01","CBD13",48
"1039","DPD01","CD01",3
"1040","DPD01","CH01",15
"1041","DPD01","CH02",14
"1042","DPD01","CH03",49
"1043","DPD01","CH05",1
"1044","DPD01","CH06",4
"1045","DPD01","CH07",2
"1046","DPD01","CH08",2
"1047","DPD01","CH09",9
"1048","DPD01","CH12",8
"1049","DPD01","CH15",3
"1050","DPD01","DPD01",105
"1051","DPD01","EL01",69
"1052","DPD01","EL03",139
"1053","DPD01","EL05",53
"1054","DPD01","FH01",2
"1055","DPD01","FH04",6
"1056","DPD01","ID04",4
"1057","DPD01","PS04",19
"1058","DPD01","PS05",60
"1059","DPD01","SLU01",108
"1060","DPD01","SLU02",119
"1061","DPD01","SLU04",33
"1062","DPD01","SLU07",321
"1063","DPD01","SLU15",235
"1064","DPD01","SLU16",50
"1065","DPD01","SLU17",86
"1066","DPD01","SLU18",89
"1067","DPD01","SLU19",141
"1068","DPD01","SLU20",11
"1069","DPD01","SLU21",3
"1070","DPD01","UD01",8
"1071","DPD01","UD02",8
"1072","DPD01","UD04",16
"1073","DPD01","UD07",13
"1074","DPD01","UW01",1
"1075","DPD01","UW04",17
"1076","DPD01","UW06",1
"1077","DPD01","UW07",2
"1078","DPD01","UW10",6
"1079","DPD01","WF01",16
"1080","DPD01","WF04",19
"1081","DPD03","BT03",1
"1082","DPD03","BT05",1
"1083","DPD03","CBD06",1
"1084","DPD03","CH05",1
"1085","DPD03","CH07",2
"1086","DPD03","CH08",2
"1087","DPD03","DPD01",2
"1088","DPD03","DPD03",209
"1089","DPD03","EL01",1
"1090","DPD03","EL03",9
"1091","DPD03","EL05",11
"1092","DPD03","FH01",2
"1093","DPD03","FH04",2
"1094","DPD03","SLU01",4
"1095","DPD03","SLU02",3
"1096","DPD03","SLU04",3
"1097","DPD03","SLU15",3
"1098","DPD03","SLU16",1
"1099","DPD03","SLU17",2
"1100","DPD03","UD01",290
"1101","DPD03","UD02",6
"1102","DPD03","UD04",55
"1103","DPD03","UD07",16
"1104","DPD03","UW01",6
"1105","DPD03","UW02",2
"1106","DPD03","UW04",49
"1107","DPD03","UW06",10
"1108","DPD03","UW07",94
"1109","DPD03","UW10",47
"1110","EL01","BT01",184
"1111","EL01","BT03",21
"1112","EL01","BT04",35
"1113","EL01","BT05",29
"1114","EL01","CBD03",27
"1115","EL01","CBD04",2
"1116","EL01","CBD05",17
"1117","EL01","CBD06",16
"1118","EL01","CBD07",5
"1119","EL01","CBD13",33
"1120","EL01","CH01",3
"1121","EL01","CH02",3
"1122","EL01","CH03",4
"1123","EL01","CH05",4
"1124","EL01","CH07",6
"1125","EL01","CH08",5
"1126","EL01","CH09",6
"1127","EL01","CH12",7
"1128","EL01","CH15",10
"1129","EL01","DPD01",53
"1130","EL01","EL01",155
"1131","EL01","EL03",251
"1132","EL01","EL05",123
"1133","EL01","FH01",2
"1134","EL01","FH04",5
"1135","EL01","ID04",3
"1136","EL01","PS04",12
"1137","EL01","PS05",20
"1138","EL01","SLU01",40
"1139","EL01","SLU02",57
"1140","EL01","SLU04",98
"1141","EL01","SLU07",71
"1142","EL01","SLU15",186
"1143","EL01","SLU16",38
"1144","EL01","SLU17",149
"1145","EL01","SLU18",37
"1146","EL01","SLU19",39
"1147","EL01","SLU20",7
"1148","EL01","UD01",11
"1149","EL01","UD02",4
"1150","EL01","UD04",53
"1151","EL01","UD07",11
"1152","EL01","UW02",8
"1153","EL01","UW04",8
"1154","EL01","UW06",1
"1155","EL01","UW10",8
"1156","EL01","WF01",20
"1157","EL01","WF04",14
"1158","EL03","BT01",44
"1159","EL03","BT03",37
"1160","EL03","BT04",25
"1161","EL03","BT05",155
"1162","EL03","CBD03",22
"1163","EL03","CBD04",1
"1164","EL03","CBD05",11
"1165","EL03","CBD06",29
"1166","EL03","CBD07",8
"1167","EL03","CBD13",30
"1168","EL03","CD01",1
"1169","EL03","CH01",7
"1170","EL03","CH02",2
"1171","EL03","CH03",7
"1172","EL03","CH05",3
"1173","EL03","CH06",3
"1174","EL03","CH07",3
"1175","EL03","CH08",5
"1176","EL03","CH09",8
"1177","EL03","CH12",7
"1178","EL03","CH15",9
"1179","EL03","DPD01",183
"1180","EL03","DPD03",3
"1181","EL03","EL01",228
"1182","EL03","EL03",162
"1183","EL03","EL05",154
"1184","EL03","ID04",2
"1185","EL03","PS04",30
"1186","EL03","PS05",14
"1187","EL03","SLU01",102
"1188","EL03","SLU02",174
"1189","EL03","SLU04",146
"1190","EL03","SLU07",75
"1191","EL03","SLU15",81
"1192","EL03","SLU16",14
"1193","EL03","SLU17",338
"1194","EL03","SLU18",185
"1195","EL03","SLU19",135
"1196","EL03","SLU20",24
"1197","EL03","SLU21",6
"1198","EL03","UD01",6
"1199","EL03","UD02",6
"1200","EL03","UD04",65
"1201","EL03","UD07",23
"1202","EL03","UW01",1
"1203","EL03","UW02",5
"1204","EL03","UW04",25
"1205","EL03","UW06",12
"1206","EL03","UW07",4
"1207","EL03","UW10",16
"1208","EL03","WF01",8
"1209","EL03","WF04",18
"1210","EL05","BT01",8
"1211","EL05","BT03",2
"1212","EL05","BT04",7
"1213","EL05","BT05",12
"1214","EL05","CBD03",14
"1215","EL05","CBD04",1
"1216","EL05","CBD05",1
"1217","EL05","CBD06",9
"1218","EL05","CBD07",1
"1219","EL05","CBD13",17
"1220","EL05","CH01",5
"1221","EL05","CH02",41
"1222","EL05","CH03",16
"1223","EL05","CH05",6
"1224","EL05","CH06",1
"1225","EL05","CH07",3
"1226","EL05","CH08",6
"1227","EL05","CH09",1
"1228","EL05","CH12",6
"1229","EL05","CH15",12
"1230","EL05","DPD01",41
"1231","EL05","DPD03",4
"1232","EL05","EL01",121
"1233","EL05","EL03",137
"1234","EL05","EL05",184
"1235","EL05","FH01",14
"1236","EL05","FH04",1
"1237","EL05","ID04",2
"1238","EL05","PS04",1
"1239","EL05","PS05",5
"1240","EL05","SLU01",36
"1241","EL05","SLU02",51
"1242","EL05","SLU04",39
"1243","EL05","SLU07",48
"1244","EL05","SLU15",34
"1245","EL05","SLU16",8
"1246","EL05","SLU17",192
"1247","EL05","SLU18",30
"1248","EL05","SLU19",28
"1249","EL05","SLU20",5
"1250","EL05","UD01",72
"1251","EL05","UD02",40
"1252","EL05","UD04",187
"1253","EL05","UD07",123
"1254","EL05","UW01",6
"1255","EL05","UW02",28
"1256","EL05","UW04",155
"1257","EL05","UW06",51
"1258","EL05","UW07",57
"1259","EL05","UW10",87
"1260","EL05","WF01",9
"1261","EL05","WF04",2
"1262","FH01","BT01",42
"1263","FH01","BT03",38
"1264","FH01","BT04",5
"1265","FH01","BT05",19
"1266","FH01","CBD03",62
"1267","FH01","CBD04",7
"1268","FH01","CBD05",48
"1269","FH01","CBD06",99
"1270","FH01","CBD07",44
"1271","FH01","CBD13",71
"1272","FH01","CD01",8
"1273","FH01","CH01",31
"1274","FH01","CH02",132
"1275","FH01","CH03",66
"1276","FH01","CH05",26
"1277","FH01","CH06",21
"1278","FH01","CH07",58
"1279","FH01","CH08",256
"1280","FH01","CH09",105
"1281","FH01","CH12",48
"1282","FH01","CH15",32
"1283","FH01","DPD01",26
"1284","FH01","EL03",8
"1285","FH01","EL05",47
"1286","FH01","FH01",100
"1287","FH01","FH04",33
"1288","FH01","ID04",76
"1289","FH01","PS04",56
"1290","FH01","PS05",33
"1291","FH01","SLU01",64
"1292","FH01","SLU02",4
"1293","FH01","SLU04",117
"1294","FH01","SLU07",42
"1295","FH01","SLU15",87
"1296","FH01","SLU16",27
"1297","FH01","SLU17",3
"1298","FH01","SLU18",19
"1299","FH01","SLU19",14
"1300","FH01","SLU20",4
"1301","FH01","UD01",2
"1302","FH01","UD02",3
"1303","FH01","UD04",4
"1304","FH01","UD07",4
"1305","FH01","UW07",4
"1306","FH01","UW10",4
"1307","FH01","WF01",12
"1308","FH01","WF04",14
"1309","FH04","BT01",26
"1310","FH04","BT03",13
"1311","FH04","BT04",5
"1312","FH04","BT05",29
"1313","FH04","CBD03",18
"1314","FH04","CBD04",4
"1315","FH04","CBD05",11
"1316","FH04","CBD06",57
"1317","FH04","CBD07",16
"1318","FH04","CBD13",271
"1319","FH04","CD01",40
"1320","FH04","CH01",30
"1321","FH04","CH02",91
"1322","FH04","CH03",30
"1323","FH04","CH05",31
"1324","FH04","CH06",28
"1325","FH04","CH07",28
"1326","FH04","CH08",107
"1327","FH04","CH09",56
"1328","FH04","CH12",81
"1329","FH04","CH15",88
"1330","FH04","DPD01",4
"1331","FH04","EL01",23
"1332","FH04","EL03",7
"1333","FH04","EL05",16
"1334","FH04","FH01",9
"1335","FH04","FH04",89
"1336","FH04","ID04",149
"1337","FH04","PS04",161
"1338","FH04","PS05",139
"1339","FH04","SLU01",31
"1340","FH04","SLU02",10
"1341","FH04","SLU04",31
"1342","FH04","SLU07",19
"1343","FH04","SLU15",17
"1344","FH04","SLU16",60
"1345","FH04","SLU17",2
"1346","FH04","SLU18",4
"1347","FH04","SLU19",11
"1348","FH04","SLU20",2
"1349","FH04","UD02",1
"1350","FH04","UD04",3
"1351","FH04","UD07",1
"1352","FH04","UW06",2
"1353","FH04","WF01",7
"1354","FH04","WF04",5
"1355","ID04","BT01",42
"1356","ID04","BT03",22
"1357","ID04","BT04",11
"1358","ID04","BT05",25
"1359","ID04","CBD03",31
"1360","ID04","CBD04",13
"1361","ID04","CBD05",86
"1362","ID04","CBD06",75
"1363","ID04","CBD07",180
"1364","ID04","CBD13",97
"1365","ID04","CD01",18
"1366","ID04","CH01",2
"1367","ID04","CH02",33
"1368","ID04","CH03",2
"1369","ID04","CH05",13
"1370","ID04","CH06",37
"1371","ID04","CH07",70
"1372","ID04","CH08",29
"1373","ID04","CH09",12
"1374","ID04","CH12",9
"1375","ID04","CH15",7
"1376","ID04","DPD01",6
"1377","ID04","EL01",1
"1378","ID04","EL03",3
"1379","ID04","EL05",1
"1380","ID04","FH01",16
"1381","ID04","FH04",64
"1382","ID04","ID04",137
"1383","ID04","PS04",123
"1384","ID04","PS05",17
"1385","ID04","SLU01",12
"1386","ID04","SLU02",3
"1387","ID04","SLU04",3
"1388","ID04","SLU07",16
"1389","ID04","SLU15",41
"1390","ID04","SLU16",15
"1391","ID04","SLU17",5
"1392","ID04","SLU18",12
"1393","ID04","SLU19",19
"1394","ID04","SLU20",5
"1395","ID04","SLU21",1
"1396","ID04","UD01",2
"1397","ID04","UD02",1
"1398","ID04","UD07",1
"1399","ID04","UW04",2
"1400","ID04","UW07",1
"1401","ID04","WF01",58
"1402","ID04","WF04",85
"1403","Pronto shop","BT05",1
"1404","PS04","BT01",106
"1405","PS04","BT03",64
"1406","PS04","BT04",23
"1407","PS04","BT05",94
"1408","PS04","CBD03",77
"1409","PS04","CBD04",26
"1410","PS04","CBD05",116
"1411","PS04","CBD06",249
"1412","PS04","CBD07",59
"1413","PS04","CBD13",354
"1414","PS04","CD01",11
"1415","PS04","CH01",40
"1416","PS04","CH02",9
"1417","PS04","CH03",9
"1418","PS04","CH05",12
"1419","PS04","CH06",5
"1420","PS04","CH07",18
"1421","PS04","CH08",19
"1422","PS04","CH09",18
"1423","PS04","CH12",26
"1424","PS04","CH15",11
"1425","PS04","DPD01",18
"1426","PS04","DPD03",3
"1427","PS04","EL01",1
"1428","PS04","EL03",34
"1429","PS04","EL05",4
"1430","PS04","FH01",13
"1431","PS04","FH04",20
"1432","PS04","ID04",106
"1433","PS04","PS04",212
"1434","PS04","PS05",90
"1435","PS04","SLU01",30
"1436","PS04","SLU02",21
"1437","PS04","SLU04",19
"1438","PS04","SLU07",34
"1439","PS04","SLU15",195
"1440","PS04","SLU16",40
"1441","PS04","SLU17",11
"1442","PS04","SLU18",21
"1443","PS04","SLU19",83
"1444","PS04","SLU20",15
"1445","PS04","UD04",3
"1446","PS04","UD07",1
"1447","PS04","WF01",249
"1448","PS04","WF04",242
"1449","PS05","BT01",109
"1450","PS05","BT03",26
"1451","PS05","BT04",16
"1452","PS05","BT05",37
"1453","PS05","CBD03",75
"1454","PS05","CBD04",12
"1455","PS05","CBD05",104
"1456","PS05","CBD06",90
"1457","PS05","CBD07",83
"1458","PS05","CBD13",127
"1459","PS05","CD01",10
"1460","PS05","CH01",4
"1461","PS05","CH02",8
"1462","PS05","CH03",5
"1463","PS05","CH05",5
"1464","PS05","CH06",7
"1465","PS05","CH07",19
"1466","PS05","CH08",46
"1467","PS05","CH09",7
"1468","PS05","CH12",12
"1469","PS05","CH15",8
"1470","PS05","DPD01",43
"1471","PS05","EL01",4
"1472","PS05","EL03",6
"1473","PS05","EL05",4
"1474","PS05","FH01",4
"1475","PS05","FH04",62
"1476","PS05","ID04",50
"1477","PS05","PS04",40
"1478","PS05","PS05",123
"1479","PS05","SLU01",16
"1480","PS05","SLU02",14
"1481","PS05","SLU04",24
"1482","PS05","SLU07",39
"1483","PS05","SLU15",83
"1484","PS05","SLU16",22
"1485","PS05","SLU17",18
"1486","PS05","SLU18",9
"1487","PS05","SLU19",66
"1488","PS05","SLU20",4
"1489","PS05","UD04",1
"1490","PS05","WF01",353
"1491","PS05","WF04",116
"1492","SLU01","BT01",245
"1493","SLU01","BT03",115
"1494","SLU01","BT04",76
"1495","SLU01","BT05",140
"1496","SLU01","CBD03",175
"1497","SLU01","CBD04",18
"1498","SLU01","CBD05",87
"1499","SLU01","CBD06",92
"1500","SLU01","CBD07",86
"1501","SLU01","CBD13",184
"1502","SLU01","CD01",1
"1503","SLU01","CH01",32
"1504","SLU01","CH02",20
"1505","SLU01","CH03",79
"1506","SLU01","CH05",5
"1507","SLU01","CH06",10
"1508","SLU01","CH07",13
"1509","SLU01","CH08",23
"1510","SLU01","CH09",20
"1511","SLU01","CH12",32
"1512","SLU01","CH15",11
"1513","SLU01","DPD01",73
"1514","SLU01","EL01",52
"1515","SLU01","EL03",96
"1516","SLU01","EL05",58
"1517","SLU01","FH01",15
"1518","SLU01","FH04",10
"1519","SLU01","ID04",21
"1520","SLU01","PS04",61
"1521","SLU01","PS05",37
"1522","SLU01","SLU01",176
"1523","SLU01","SLU02",143
"1524","SLU01","SLU04",263
"1525","SLU01","SLU07",344
"1526","SLU01","SLU15",462
"1527","SLU01","SLU16",504
"1528","SLU01","SLU17",93
"1529","SLU01","SLU18",125
"1530","SLU01","SLU19",80
"1531","SLU01","SLU20",151
"1532","SLU01","SLU21",2
"1533","SLU01","UD01",7
"1534","SLU01","UD02",52
"1535","SLU01","UD04",39
"1536","SLU01","UD07",25
"1537","SLU01","UW01",2
"1538","SLU01","UW02",2
"1539","SLU01","UW04",15
"1540","SLU01","UW07",6
"1541","SLU01","UW10",8
"1542","SLU01","WF01",34
"1543","SLU01","WF04",31
"1544","SLU02","BT01",140
"1545","SLU02","BT03",37
"1546","SLU02","BT04",51
"1547","SLU02","BT05",63
"1548","SLU02","CBD03",60
"1549","SLU02","CBD04",13
"1550","SLU02","CBD05",101
"1551","SLU02","CBD06",60
"1552","SLU02","CBD07",8
"1553","SLU02","CBD13",84
"1554","SLU02","CH01",5
"1555","SLU02","CH02",4
"1556","SLU02","CH03",8
"1557","SLU02","CH05",1
"1558","SLU02","CH07",1
"1559","SLU02","CH08",7
"1560","SLU02","CH09",9
"1561","SLU02","CH12",4
"1562","SLU02","CH15",3
"1563","SLU02","DPD01",173
"1564","SLU02","EL01",72
"1565","SLU02","EL03",189
"1566","SLU02","EL05",65
"1567","SLU02","FH01",2
"1568","SLU02","FH04",2
"1569","SLU02","ID04",9
"1570","SLU02","Pronto shop",2
"1571","SLU02","PS04",32
"1572","SLU02","PS05",31
"1573","SLU02","SLU01",65
"1574","SLU02","SLU02",240
"1575","SLU02","SLU04",318
"1576","SLU02","SLU07",503
"1577","SLU02","SLU15",247
"1578","SLU02","SLU16",67
"1579","SLU02","SLU17",105
"1580","SLU02","SLU18",76
"1581","SLU02","SLU19",104
"1582","SLU02","SLU20",69
"1583","SLU02","SLU21",2
"1584","SLU02","UD01",4
"1585","SLU02","UD02",1
"1586","SLU02","UD04",46
"1587","SLU02","UD07",12
"1588","SLU02","UW01",2
"1589","SLU02","UW02",4
"1590","SLU02","UW04",34
"1591","SLU02","UW06",4
"1592","SLU02","UW07",4
"1593","SLU02","UW10",48
"1594","SLU02","WF01",57
"1595","SLU02","WF04",27
"1596","SLU04","BT01",126
"1597","SLU04","BT03",305
"1598","SLU04","BT04",66
"1599","SLU04","BT05",87
"1600","SLU04","CBD03",65
"1601","SLU04","CBD04",13
"1602","SLU04","CBD05",56
"1603","SLU04","CBD06",71
"1604","SLU04","CBD07",22
"1605","SLU04","CBD13",140
"1606","SLU04","CD01",2
"1607","SLU04","CH01",12
"1608","SLU04","CH02",5
"1609","SLU04","CH03",12
"1610","SLU04","CH05",5
"1611","SLU04","CH06",5
"1612","SLU04","CH07",9
"1613","SLU04","CH08",10
"1614","SLU04","CH09",6
"1615","SLU04","CH12",35
"1616","SLU04","CH15",8
"1617","SLU04","DPD01",19
"1618","SLU04","EL01",55
"1619","SLU04","EL03",226
"1620","SLU04","EL05",49
"1621","SLU04","FH01",9
"1622","SLU04","FH04",5
"1623","SLU04","ID04",14
"1624","SLU04","PS04",40
"1625","SLU04","PS05",42
"1626","SLU04","SLU01",84
"1627","SLU04","SLU02",277
"1628","SLU04","SLU04",111
"1629","SLU04","SLU07",177
"1630","SLU04","SLU15",299
"1631","SLU04","SLU16",89
"1632","SLU04","SLU17",70
"1633","SLU04","SLU18",102
"1634","SLU04","SLU19",115
"1635","SLU04","SLU20",49
"1636","SLU04","UD01",13
"1637","SLU04","UD02",6
"1638","SLU04","UD04",18
"1639","SLU04","UD07",9
"1640","SLU04","UW02",4
"1641","SLU04","UW04",13
"1642","SLU04","UW07",7
"1643","SLU04","UW10",7
"1644","SLU04","WF01",46
"1645","SLU04","WF04",7
"1646","SLU07","BT01",194
"1647","SLU07","BT03",178
"1648","SLU07","BT04",49
"1649","SLU07","BT05",146
"1650","SLU07","CBD03",128
"1651","SLU07","CBD04",67
"1652","SLU07","CBD05",43
"1653","SLU07","CBD06",112
"1654","SLU07","CBD07",26
"1655","SLU07","CBD13",194
"1656","SLU07","CD01",1
"1657","SLU07","CH01",22
"1658","SLU07","CH02",8
"1659","SLU07","CH03",10
"1660","SLU07","CH05",7
"1661","SLU07","CH06",5
"1662","SLU07","CH07",16
"1663","SLU07","CH08",75
"1664","SLU07","CH09",18
"1665","SLU07","CH12",23
"1666","SLU07","CH15",3
"1667","SLU07","DPD01",249
"1668","SLU07","EL01",65
"1669","SLU07","EL03",96
"1670","SLU07","EL05",28
"1671","SLU07","FH01",7
"1672","SLU07","FH04",7
"1673","SLU07","ID04",12
"1674","SLU07","PS04",48
"1675","SLU07","PS05",29
"1676","SLU07","SLU01",182
"1677","SLU07","SLU02",447
"1678","SLU07","SLU04",174
"1679","SLU07","SLU07",138
"1680","SLU07","SLU15",225
"1681","SLU07","SLU16",210
"1682","SLU07","SLU17",86
"1683","SLU07","SLU18",30
"1684","SLU07","SLU19",149
"1685","SLU07","SLU20",38
"1686","SLU07","UD01",2
"1687","SLU07","UD02",1
"1688","SLU07","UD04",18
"1689","SLU07","UD07",5
"1690","SLU07","UW01",1
"1691","SLU07","UW02",2
"1692","SLU07","UW04",4
"1693","SLU07","UW06",1
"1694","SLU07","UW07",4
"1695","SLU07","UW10",9
"1696","SLU07","WF01",104
"1697","SLU07","WF04",32
"1698","SLU15","BT01",292
"1699","SLU15","BT03",164
"1700","SLU15","BT04",80
"1701","SLU15","BT05",123
"1702","SLU15","CBD03",56
"1703","SLU15","CBD04",13
"1704","SLU15","CBD05",216
"1705","SLU15","CBD06",171
"1706","SLU15","CBD07",67
"1707","SLU15","CBD13",161
"1708","SLU15","CD01",2
"1709","SLU15","CH01",24
"1710","SLU15","CH02",20
"1711","SLU15","CH03",14
"1712","SLU15","CH05",6
"1713","SLU15","CH06",5
"1714","SLU15","CH07",37
"1715","SLU15","CH08",24
"1716","SLU15","CH09",22
"1717","SLU15","CH12",45
"1718","SLU15","CH15",6
"1719","SLU15","DPD01",343
"1720","SLU15","DPD03",1
"1721","SLU15","EL01",171
"1722","SLU15","EL03",116
"1723","SLU15","EL05",64
"1724","SLU15","FH01",11
"1725","SLU15","FH04",7
"1726","SLU15","ID04",45
"1727","SLU15","PS04",183
"1728","SLU15","PS05",98
"1729","SLU15","SLU01",296
"1730","SLU15","SLU02",390
"1731","SLU15","SLU04",401
"1732","SLU15","SLU07",274
"1733","SLU15","SLU15",235
"1734","SLU15","SLU16",44
"1735","SLU15","SLU17",155
"1736","SLU15","SLU18",74
"1737","SLU15","SLU19",213
"1738","SLU15","SLU20",29
"1739","SLU15","SLU21",5
"1740","SLU15","UD01",7
"1741","SLU15","UD02",5
"1742","SLU15","UD04",12
"1743","SLU15","UD07",10
"1744","SLU15","UW04",5
"1745","SLU15","UW07",3
"1746","SLU15","WF01",163
"1747","SLU15","WF04",98
"1748","SLU16","BT01",117
"1749","SLU16","BT03",119
"1750","SLU16","BT04",39
"1751","SLU16","BT05",74
"1752","SLU16","CBD03",24
"1753","SLU16","CBD04",18
"1754","SLU16","CBD05",47
"1755","SLU16","CBD06",87
"1756","SLU16","CBD07",33
"1757","SLU16","CBD13",246
"1758","SLU16","CD01",2
"1759","SLU16","CH01",49
"1760","SLU16","CH02",80
"1761","SLU16","CH03",53
"1762","SLU16","CH05",23
"1763","SLU16","CH06",62
"1764","SLU16","CH07",80
"1765","SLU16","CH08",125
"1766","SLU16","CH09",87
"1767","SLU16","CH12",53
"1768","SLU16","CH15",13
"1769","SLU16","DPD01",152
"1770","SLU16","EL01",31
"1771","SLU16","EL03",18
"1772","SLU16","EL05",14
"1773","SLU16","FH01",17
"1774","SLU16","FH04",29
"1775","SLU16","ID04",33
"1776","SLU16","PS04",59
"1777","SLU16","PS05",32
"1778","SLU16","SLU01",479
"1779","SLU16","SLU02",41
"1780","SLU16","SLU04",274
"1781","SLU16","SLU07",395
"1782","SLU16","SLU15",62
"1783","SLU16","SLU16",151
"1784","SLU16","SLU17",60
"1785","SLU16","SLU18",59
"1786","SLU16","SLU19",45
"1787","SLU16","SLU20",18
"1788","SLU16","SLU21",2
"1789","SLU16","UD01",4
"1790","SLU16","UD04",7
"1791","SLU16","UD07",3
"1792","SLU16","UW02",1
"1793","SLU16","UW04",6
"1794","SLU16","UW07",2
"1795","SLU16","UW10",1
"1796","SLU16","WF01",44
"1797","SLU16","WF04",43
"1798","SLU17","BT01",178
"1799","SLU17","BT03",20
"1800","SLU17","BT04",29
"1801","SLU17","BT05",56
"1802","SLU17","CBD03",35
"1803","SLU17","CBD04",4
"1804","SLU17","CBD05",23
"1805","SLU17","CBD06",31
"1806","SLU17","CBD07",16
"1807","SLU17","CBD13",90
"1808","SLU17","CH01",17
"1809","SLU17","CH02",13
"1810","SLU17","CH03",20
"1811","SLU17","CH06",1
"1812","SLU17","CH07",3
"1813","SLU17","CH08",4
"1814","SLU17","CH09",8
"1815","SLU17","CH12",15
"1816","SLU17","CH15",14
"1817","SLU17","DPD01",34
"1818","SLU17","DPD03",2
"1819","SLU17","EL01",110
"1820","SLU17","EL03",414
"1821","SLU17","EL05",240
"1822","SLU17","FH01",7
"1823","SLU17","ID04",5
"1824","SLU17","Pronto shop",1
"1825","SLU17","PS04",9
"1826","SLU17","PS05",25
"1827","SLU17","SLU01",69
"1828","SLU17","SLU02",52
"1829","SLU17","SLU04",80
"1830","SLU17","SLU07",95
"1831","SLU17","SLU15",139
"1832","SLU17","SLU16",35
"1833","SLU17","SLU17",582
"1834","SLU17","SLU18",68
"1835","SLU17","SLU19",86
"1836","SLU17","SLU20",12
"1837","SLU17","UD01",17
"1838","SLU17","UD02",10
"1839","SLU17","UD04",115
"1840","SLU17","UD07",17
"1841","SLU17","UW02",12
"1842","SLU17","UW04",43
"1843","SLU17","UW06",6
"1844","SLU17","UW07",1
"1845","SLU17","UW10",42
"1846","SLU17","WF01",61
"1847","SLU17","WF04",43
"1848","SLU18","BT01",121
"1849","SLU18","BT03",126
"1850","SLU18","BT04",12
"1851","SLU18","BT05",44
"1852","SLU18","CBD03",88
"1853","SLU18","CBD04",11
"1854","SLU18","CBD05",33
"1855","SLU18","CBD06",48
"1856","SLU18","CBD07",21
"1857","SLU18","CBD13",134
"1858","SLU18","CH01",21
"1859","SLU18","CH02",9
"1860","SLU18","CH03",6
"1861","SLU18","CH05",13
"1862","SLU18","CH06",2
"1863","SLU18","CH07",10
"1864","SLU18","CH08",17
"1865","SLU18","CH09",21
"1866","SLU18","CH12",27
"1867","SLU18","CH15",8
"1868","SLU18","DPD01",233
"1869","SLU18","EL01",20
"1870","SLU18","EL03",180
"1871","SLU18","EL05",25
"1872","SLU18","FH01",4
"1873","SLU18","FH04",3
"1874","SLU18","ID04",11
"1875","SLU18","PS04",34
"1876","SLU18","PS05",10
"1877","SLU18","SLU01",112
"1878","SLU18","SLU02",202
"1879","SLU18","SLU04",175
"1880","SLU18","SLU07",112
"1881","SLU18","SLU15",72
"1882","SLU18","SLU16",72
"1883","SLU18","SLU17",88
"1884","SLU18","SLU18",167
"1885","SLU18","SLU19",108
"1886","SLU18","SLU20",24
"1887","SLU18","UD02",3
"1888","SLU18","UD04",9
"1889","SLU18","UD07",6
"1890","SLU18","UW02",2
"1891","SLU18","UW04",3
"1892","SLU18","UW07",2
"1893","SLU18","UW10",2
"1894","SLU18","WF01",52
"1895","SLU18","WF04",66
"1896","SLU19","BT01",152
"1897","SLU19","BT03",181
"1898","SLU19","BT04",47
"1899","SLU19","BT05",207
"1900","SLU19","CBD03",120
"1901","SLU19","CBD04",20
"1902","SLU19","CBD05",334
"1903","SLU19","CBD06",146
"1904","SLU19","CBD07",64
"1905","SLU19","CBD13",199
"1906","SLU19","CD01",3
"1907","SLU19","CH01",14
"1908","SLU19","CH02",5
"1909","SLU19","CH03",5
"1910","SLU19","CH05",2
"1911","SLU19","CH07",3
"1912","SLU19","CH08",8
"1913","SLU19","CH09",14
"1914","SLU19","CH12",20
"1915","SLU19","CH15",3
"1916","SLU19","DPD01",151
"1917","SLU19","EL01",32
"1918","SLU19","EL03",143
"1919","SLU19","EL05",21
"1920","SLU19","FH01",2
"1921","SLU19","FH04",3
"1922","SLU19","ID04",20
"1923","SLU19","PS04",150
"1924","SLU19","PS05",96
"1925","SLU19","SLU01",63
"1926","SLU19","SLU02",108
"1927","SLU19","SLU04",113
"1928","SLU19","SLU07",231
"1929","SLU19","SLU15",157
"1930","SLU19","SLU16",17
"1931","SLU19","SLU17",98
"1932","SLU19","SLU18",49
"1933","SLU19","SLU19",308
"1934","SLU19","SLU20",11
"1935","SLU19","SLU21",3
"1936","SLU19","UD02",1
"1937","SLU19","UD04",12
"1938","SLU19","UD07",7
"1939","SLU19","UW04",4
"1940","SLU19","UW10",4
"1941","SLU19","WF01",253
"1942","SLU19","WF04",161
"1943","SLU20","BT01",58
"1944","SLU20","BT03",31
"1945","SLU20","BT04",44
"1946","SLU20","BT05",33
"1947","SLU20","CBD03",11
"1948","SLU20","CBD04",15
"1949","SLU20","CBD05",2
"1950","SLU20","CBD06",28
"1951","SLU20","CBD07",3
"1952","SLU20","CBD13",73
"1953","SLU20","CD01",2
"1954","SLU20","CH01",1
"1955","SLU20","CH02",3
"1956","SLU20","CH03",1
"1957","SLU20","CH05",3
"1958","SLU20","CH06",4
"1959","SLU20","CH07",9
"1960","SLU20","CH08",13
"1961","SLU20","CH09",18
"1962","SLU20","CH12",11
"1963","SLU20","DPD01",24
"1964","SLU20","EL01",4
"1965","SLU20","EL03",18
"1966","SLU20","EL05",13
"1967","SLU20","FH04",1
"1968","SLU20","ID04",9
"1969","SLU20","Pronto shop",4
"1970","SLU20","PS04",10
"1971","SLU20","PS05",12
"1972","SLU20","SLU01",98
"1973","SLU20","SLU02",95
"1974","SLU20","SLU04",98
"1975","SLU20","SLU07",46
"1976","SLU20","SLU15",44
"1977","SLU20","SLU16",11
"1978","SLU20","SLU17",22
"1979","SLU20","SLU18",27
"1980","SLU20","SLU19",11
"1981","SLU20","SLU20",46
"1982","SLU20","SLU21",1
"1983","SLU20","UD01",2
"1984","SLU20","UD02",1
"1985","SLU20","UD04",4
"1986","SLU20","UD07",1
"1987","SLU20","UW04",1
"1988","SLU20","UW10",3
"1989","SLU20","WF01",12
"1990","SLU20","WF04",6
"1991","SLU21","CBD04",1
"1992","SLU21","CBD06",1
"1993","SLU21","CBD07",1
"1994","SLU21","CBD13",5
"1995","SLU21","CH03",4
"1996","SLU21","CH15",2
"1997","SLU21","EL03",13
"1998","SLU21","EL05",5
"1999","SLU21","SLU01",1
"2000","SLU21","SLU02",2
"2001","SLU21","SLU04",3
"2002","SLU21","SLU07",5
"2003","SLU21","SLU15",2
"2004","SLU21","SLU16",4
"2005","SLU21","SLU17",9
"2006","SLU21","SLU18",7
"2007","SLU21","SLU19",5
"2008","SLU21","SLU20",1
"2009","SLU21","SLU21",5
"2010","SLU21","UD01",2
"2011","UD01","BT01",5
"2012","UD01","BT03",47
"2013","UD01","BT04",1
"2014","UD01","CBD03",3
"2015","UD01","CBD04",1
"2016","UD01","CBD13",9
"2017","UD01","CH02",3
"2018","UD01","CH03",1
"2019","UD01","CH05",5
"2020","UD01","CH06",2
"2021","UD01","CH07",1
"2022","UD01","CH08",3
"2023","UD01","CH09",4
"2024","UD01","CH12",4
"2025","UD01","DPD01",3
"2026","UD01","DPD03",235
"2027","UD01","EL01",13
"2028","UD01","EL03",13
"2029","UD01","EL05",65
"2030","UD01","PS04",3
"2031","UD01","PS05",1
"2032","UD01","SLU01",8
"2033","UD01","SLU02",16
"2034","UD01","SLU04",18
"2035","UD01","SLU07",2
"2036","UD01","SLU15",4
"2037","UD01","SLU16",2
"2038","UD01","SLU17",33
"2039","UD01","SLU18",4
"2040","UD01","SLU19",1
"2041","UD01","SLU20",1
"2042","UD01","UD01",509
"2043","UD01","UD02",24
"2044","UD01","UD04",105
"2045","UD01","UD07",34
"2046","UD01","UW01",17
"2047","UD01","UW02",38
"2048","UD01","UW04",198
"2049","UD01","UW06",102
"2050","UD01","UW07",133
"2051","UD01","UW10",95
"2052","UD01","WF01",1
"2053","UD02","BT01",6
"2054","UD02","BT03",6
"2055","UD02","BT04",5
"2056","UD02","BT05",2
"2057","UD02","CBD03",5
"2058","UD02","CBD06",5
"2059","UD02","CBD13",1
"2060","UD02","CD01",2
"2061","UD02","CH02",14
"2062","UD02","CH03",3
"2063","UD02","CH05",3
"2064","UD02","CH07",3
"2065","UD02","CH09",1
"2066","UD02","CH15",4
"2067","UD02","DPD01",13
"2068","UD02","DPD03",8
"2069","UD02","EL01",14
"2070","UD02","EL03",17
"2071","UD02","EL05",39
"2072","UD02","FH04",4
"2073","UD02","ID04",1
"2074","UD02","PS05",1
"2075","UD02","SLU01",11
"2076","UD02","SLU02",11
"2077","UD02","SLU04",5
"2078","UD02","SLU07",2
"2079","UD02","SLU15",5
"2080","UD02","SLU16",5
"2081","UD02","SLU17",28
"2082","UD02","SLU18",5
"2083","UD02","SLU19",4
"2084","UD02","SLU21",6
"2085","UD02","UD01",38
"2086","UD02","UD02",105
"2087","UD02","UD04",57
"2088","UD02","UD07",25
"2089","UD02","UW01",20
"2090","UD02","UW02",7
"2091","UD02","UW04",30
"2092","UD02","UW06",50
"2093","UD02","UW07",18
"2094","UD02","UW10",39
"2095","UD02","WF01",2
"2096","UD04","BT01",10
"2097","UD04","BT03",7
"2098","UD04","BT04",4
"2099","UD04","BT05",8
"2100","UD04","CBD03",13
"2101","UD04","CBD05",3
"2102","UD04","CBD06",9
"2103","UD04","CBD07",1
"2104","UD04","CBD13",7
"2105","UD04","CD01",3
"2106","UD04","CH01",3
"2107","UD04","CH02",30
"2108","UD04","CH03",10
"2109","UD04","CH05",11
"2110","UD04","CH06",5
"2111","UD04","CH07",18
"2112","UD04","CH08",10
"2113","UD04","CH09",4
"2114","UD04","CH12",3
"2115","UD04","CH15",11
"2116","UD04","DPD01",29
"2117","UD04","DPD03",50
"2118","UD04","EL01",43
"2119","UD04","EL03",90
"2120","UD04","EL05",128
"2121","UD04","PS04",2
"2122","UD04","SLU01",19
"2123","UD04","SLU02",38
"2124","UD04","SLU04",17
"2125","UD04","SLU07",8
"2126","UD04","SLU15",9
"2127","UD04","SLU16",3
"2128","UD04","SLU17",81
"2129","UD04","SLU18",12
"2130","UD04","SLU19",10
"2131","UD04","SLU20",2
"2132","UD04","SLU21",1
"2133","UD04","UD01",98
"2134","UD04","UD02",29
"2135","UD04","UD04",393
"2136","UD04","UD07",75
"2137","UD04","UW01",36
"2138","UD04","UW02",17
"2139","UD04","UW04",55
"2140","UD04","UW06",315
"2141","UD04","UW07",90
"2142","UD04","UW10",73
"2143","UD04","WF01",8
"2144","UD04","WF04",3
"2145","UD07","BT01",2
"2146","UD07","BT03",1
"2147","UD07","BT04",1
"2148","UD07","BT05",1
"2149","UD07","CBD03",4
"2150","UD07","CBD05",2
"2151","UD07","CBD06",1
"2152","UD07","CBD13",5
"2153","UD07","CH01",7
"2154","UD07","CH02",8
"2155","UD07","CH03",5
"2156","UD07","CH05",6
"2157","UD07","CH07",5
"2158","UD07","CH08",1
"2159","UD07","CH09",1
"2160","UD07","CH12",2
"2161","UD07","CH15",1
"2162","UD07","DPD01",2
"2163","UD07","DPD03",21
"2164","UD07","EL01",33
"2165","UD07","EL03",45
"2166","UD07","EL05",75
"2167","UD07","FH04",3
"2168","UD07","SLU01",12
"2169","UD07","SLU02",12
"2170","UD07","SLU04",16
"2171","UD07","SLU07",3
"2172","UD07","SLU15",3
"2173","UD07","SLU17",21
"2174","UD07","SLU18",15
"2175","UD07","SLU19",14
"2176","UD07","SLU20",8
"2177","UD07","UD01",66
"2178","UD07","UD02",25
"2179","UD07","UD04",178
"2180","UD07","UD07",223
"2181","UD07","UW01",25
"2182","UD07","UW02",134
"2183","UD07","UW04",65
"2184","UD07","UW06",89
"2185","UD07","UW07",46
"2186","UD07","UW10",92
"2187","UD07","WF01",2
"2188","UD07","WF04",5
"2189","UW01","CH02",1
"2190","UW01","CH06",1
"2191","UW01","CH15",1
"2192","UW01","DPD03",5
"2193","UW01","EL01",2
"2194","UW01","EL03",2
"2195","UW01","EL05",5
"2196","UW01","SLU04",1
"2197","UW01","SLU07",2
"2198","UW01","SLU17",5
"2199","UW01","SLU18",1
"2200","UW01","UD01",37
"2201","UW01","UD02",8
"2202","UW01","UD04",26
"2203","UW01","UD07",13
"2204","UW01","UW01",30
"2205","UW01","UW02",23
"2206","UW01","UW04",90
"2207","UW01","UW06",196
"2208","UW01","UW07",22
"2209","UW01","UW10",4
"2210","UW02","BT01",6
"2211","UW02","BT03",1
"2212","UW02","BT05",1
"2213","UW02","CBD03",3
"2214","UW02","CBD05",1
"2215","UW02","CBD06",13
"2216","UW02","CBD13",1
"2217","UW02","CH02",4
"2218","UW02","CH05",1
"2219","UW02","CH06",1
"2220","UW02","CH07",1
"2221","UW02","CH08",1
"2222","UW02","CH12",2
"2223","UW02","CH15",2
"2224","UW02","DPD01",8
"2225","UW02","DPD03",15
"2226","UW02","EL01",14
"2227","UW02","EL03",22
"2228","UW02","EL05",21
"2229","UW02","PS04",1
"2230","UW02","SLU01",3
"2231","UW02","SLU02",6
"2232","UW02","SLU04",2
"2233","UW02","SLU07",3
"2234","UW02","SLU15",10
"2235","UW02","SLU17",13
"2236","UW02","SLU20",2
"2237","UW02","UD01",121
"2238","UW02","UD02",31
"2239","UW02","UD04",50
"2240","UW02","UD07",78
"2241","UW02","UW01",56
"2242","UW02","UW02",250
"2243","UW02","UW04",56
"2244","UW02","UW06",156
"2245","UW02","UW07",86
"2246","UW02","UW10",35
"2247","UW02","WF01",4
"2248","UW02","WF04",4
"2249","UW04","BT01",10
"2250","UW04","BT03",2
"2251","UW04","BT04",1
"2252","UW04","BT05",1
"2253","UW04","CBD03",2
"2254","UW04","CBD06",22
"2255","UW04","CBD07",2
"2256","UW04","CBD13",9
"2257","UW04","CH01",3
"2258","UW04","CH02",19
"2259","UW04","CH03",3
"2260","UW04","CH05",7
"2261","UW04","CH06",2
"2262","UW04","CH07",6
"2263","UW04","CH09",3
"2264","UW04","CH12",6
"2265","UW04","CH15",4
"2266","UW04","DPD01",15
"2267","UW04","DPD03",49
"2268","UW04","EL01",26
"2269","UW04","EL03",60
"2270","UW04","EL05",200
"2271","UW04","ID04",1
"2272","UW04","PS04",3
"2273","UW04","SLU01",11
"2274","UW04","SLU02",22
"2275","UW04","SLU04",12
"2276","UW04","SLU07",5
"2277","UW04","SLU15",16
"2278","UW04","SLU16",9
"2279","UW04","SLU17",32
"2280","UW04","SLU18",8
"2281","UW04","SLU19",9
"2282","UW04","SLU21",2
"2283","UW04","UD01",182
"2284","UW04","UD02",40
"2285","UW04","UD04",46
"2286","UW04","UD07",45
"2287","UW04","UW01",22
"2288","UW04","UW02",28
"2289","UW04","UW04",187
"2290","UW04","UW06",82
"2291","UW04","UW07",73
"2292","UW04","UW10",71
"2293","UW04","WF01",6
"2294","UW04","WF04",9
"2295","UW06","BT01",4
"2296","UW06","BT04",1
"2297","UW06","CBD03",2
"2298","UW06","CBD13",1
"2299","UW06","CH03",1
"2300","UW06","CH05",1
"2301","UW06","CH07",7
"2302","UW06","CH08",1
"2303","UW06","CH15",4
"2304","UW06","DPD01",3
"2305","UW06","DPD03",25
"2306","UW06","EL01",4
"2307","UW06","EL03",13
"2308","UW06","EL05",51
"2309","UW06","SLU02",6
"2310","UW06","SLU04",1
"2311","UW06","SLU07",1
"2312","UW06","SLU16",3
"2313","UW06","SLU17",10
"2314","UW06","SLU19",4
"2315","UW06","SLU20",2
"2316","UW06","UD01",210
"2317","UW06","UD02",81
"2318","UW06","UD04",208
"2319","UW06","UD07",36
"2320","UW06","UW01",163
"2321","UW06","UW02",115
"2322","UW06","UW04",179
"2323","UW06","UW06",108
"2324","UW06","UW07",74
"2325","UW06","UW10",53
"2326","UW07","CBD03",5
"2327","UW07","CBD13",4
"2328","UW07","CH02",6
"2329","UW07","CH03",3
"2330","UW07","CH05",7
"2331","UW07","CH06",1
"2332","UW07","CH07",3
"2333","UW07","CH09",1
"2334","UW07","CH12",3
"2335","UW07","CH15",3
"2336","UW07","DPD01",4
"2337","UW07","DPD03",61
"2338","UW07","EL01",7
"2339","UW07","EL03",11
"2340","UW07","EL05",39
"2341","UW07","FH04",2
"2342","UW07","PS04",1
"2343","UW07","PS05",1
"2344","UW07","SLU01",1
"2345","UW07","SLU02",1
"2346","UW07","SLU07",2
"2347","UW07","SLU15",1
"2348","UW07","SLU16",2
"2349","UW07","SLU17",5
"2350","UW07","SLU18",5
"2351","UW07","UD01",194
"2352","UW07","UD02",19
"2353","UW07","UD04",89
"2354","UW07","UD07",28
"2355","UW07","UW01",35
"2356","UW07","UW02",23
"2357","UW07","UW04",98
"2358","UW07","UW06",23
"2359","UW07","UW07",122
"2360","UW07","UW10",63
"2361","UW07","WF04",1
"2362","UW10","BT03",2
"2363","UW10","CBD05",1
"2364","UW10","CBD13",11
"2365","UW10","CH01",4
"2366","UW10","CH02",11
"2367","UW10","CH03",9
"2368","UW10","CH05",11
"2369","UW10","CH08",2
"2370","UW10","CH09",16
"2371","UW10","CH12",30
"2372","UW10","CH15",3
"2373","UW10","DPD01",3
"2374","UW10","DPD03",24
"2375","UW10","EL01",17
"2376","UW10","EL03",29
"2377","UW10","EL05",78
"2378","UW10","SLU01",7
"2379","UW10","SLU02",30
"2380","UW10","SLU04",10
"2381","UW10","SLU07",3
"2382","UW10","SLU15",4
"2383","UW10","SLU16",1
"2384","UW10","SLU17",32
"2385","UW10","SLU18",3
"2386","UW10","SLU20",1
"2387","UW10","UD01",73
"2388","UW10","UD02",21
"2389","UW10","UD04",63
"2390","UW10","UD07",32
"2391","UW10","UW01",12
"2392","UW10","UW02",14
"2393","UW10","UW04",39
"2394","UW10","UW06",22
"2395","UW10","UW07",62
"2396","UW10","UW10",156
"2397","UW10","WF01",4
"2398","UW10","WF04",1
"2399","WF01","BT01",243
"2400","WF01","BT03",64
"2401","WF01","BT04",18
"2402","WF01","BT05",89
"2403","WF01","CBD03",81
"2404","WF01","CBD04",12
"2405","WF01","CBD05",482
"2406","WF01","CBD06",137
"2407","WF01","CBD07",40
"2408","WF01","CBD13",240
"2409","WF01","CD01",14
"2410","WF01","CH01",1
"2411","WF01","CH03",3
"2412","WF01","CH05",3
"2413","WF01","CH07",1
"2414","WF01","CH09",5
"2415","WF01","CH12",7
"2416","WF01","DPD01",21
"2417","WF01","EL01",1
"2418","WF01","EL03",2
"2419","WF01","EL05",14
"2420","WF01","FH01",2
"2421","WF01","FH04",5
"2422","WF01","ID04",26
"2423","WF01","PS04",277
"2424","WF01","PS05",465
"2425","WF01","SLU01",16
"2426","WF01","SLU02",37
"2427","WF01","SLU04",7
"2428","WF01","SLU07",15
"2429","WF01","SLU15",52
"2430","WF01","SLU16",30
"2431","WF01","SLU17",50
"2432","WF01","SLU18",29
"2433","WF01","SLU19",237
"2434","WF01","SLU20",2
"2435","WF01","UD01",2
"2436","WF01","UD02",1
"2437","WF01","UD04",13
"2438","WF01","UD07",3
"2439","WF01","UW02",1
"2440","WF01","UW04",10
"2441","WF01","UW10",8
"2442","WF01","WF01",2615
"2443","WF01","WF04",1361
"2444","WF04","BT01",285
"2445","WF04","BT03",61
"2446","WF04","BT04",4
"2447","WF04","BT05",69
"2448","WF04","CBD03",34
"2449","WF04","CBD04",4
"2450","WF04","CBD05",146
"2451","WF04","CBD06",59
"2452","WF04","CBD07",30
"2453","WF04","CBD13",74
"2454","WF04","CD01",2
"2455","WF04","CH01",2
"2456","WF04","CH03",3
"2457","WF04","CH05",1
"2458","WF04","CH06",1
"2459","WF04","CH08",6
"2460","WF04","CH09",3
"2461","WF04","CH12",10
"2462","WF04","CH15",1
"2463","WF04","DPD01",11
"2464","WF04","EL01",3
"2465","WF04","EL03",5
"2466","WF04","EL05",2
"2467","WF04","FH01",8
"2468","WF04","FH04",2
"2469","WF04","ID04",67
"2470","WF04","PS04",239
"2471","WF04","PS05",144
"2472","WF04","SLU01",9
"2473","WF04","SLU02",28
"2474","WF04","SLU04",4
"2475","WF04","SLU07",15
"2476","WF04","SLU15",44
"2477","WF04","SLU16",14
"2478","WF04","SLU17",9
"2479","WF04","SLU18",29
"2480","WF04","SLU19",132
"2481","WF04","SLU20",4
"2482","WF04","UD02",4
"2483","WF04","UD04",4
"2484","WF04","UD07",1
"2485","WF04","UW04",1
"2486","WF04","UW07",1
"2487","WF04","UW10",2
"2488","WF04","WF01",955
"2489","WF04","WF04",629
