"","freq","from","to"
"1",370,"BT01","BT01"
"2",134,"BT01","BT03"
"3",56,"BT01","BT04"
"4",250,"BT01","BT05"
"5",137,"BT01","CBD03"
"6",31,"BT01","CBD04"
"7",151,"BT01","CBD05"
"8",442,"BT01","CBD06"
"9",67,"BT01","CBD07"
"10",565,"BT01","CBD13"
"11",3,"BT01","CD01"
"12",59,"BT01","CH01"
"13",15,"BT01","CH02"
"14",16,"BT01","CH03"
"15",15,"BT01","CH05"
"16",5,"BT01","CH06"
"17",12,"BT01","CH07"
"18",22,"BT01","CH08"
"19",28,"BT01","CH09"
"20",37,"BT01","CH12"
"21",4,"BT01","CH15"
"22",137,"BT01","DPD01"
"23",220,"BT01","EL01"
"24",48,"BT01","EL03"
"25",23,"BT01","EL05"
"26",14,"BT01","FH01"
"27",2,"BT01","FH04"
"28",82,"BT01","ID04"
"29",137,"BT01","PS04"
"30",219,"BT01","PS05"
"31",257,"BT01","SLU01"
"32",121,"BT01","SLU02"
"33",125,"BT01","SLU04"
"34",260,"BT01","SLU07"
"35",270,"BT01","SLU15"
"36",111,"BT01","SLU16"
"37",115,"BT01","SLU17"
"38",102,"BT01","SLU18"
"39",131,"BT01","SLU19"
"40",40,"BT01","SLU20"
"41",4,"BT01","SLU21"
"42",8,"BT01","UD01"
"43",6,"BT01","UD02"
"44",16,"BT01","UD04"
"45",5,"BT01","UD07"
"46",3,"BT01","UW01"
"47",1,"BT01","UW02"
"48",13,"BT01","UW04"
"49",2,"BT01","UW06"
"50",2,"BT01","UW07"
"51",4,"BT01","UW10"
"52",504,"BT01","WF01"
"53",484,"BT01","WF04"
"54",175,"BT03","BT01"
"55",169,"BT03","BT03"
"56",44,"BT03","BT04"
"57",135,"BT03","BT05"
"58",147,"BT03","CBD03"
"59",18,"BT03","CBD04"
"60",194,"BT03","CBD05"
"61",267,"BT03","CBD06"
"62",40,"BT03","CBD07"
"63",506,"BT03","CBD13"
"64",1,"BT03","CD01"
"65",10,"BT03","CH01"
"66",7,"BT03","CH02"
"67",4,"BT03","CH03"
"68",4,"BT03","CH05"
"69",3,"BT03","CH06"
"70",12,"BT03","CH07"
"71",9,"BT03","CH08"
"72",22,"BT03","CH09"
"73",34,"BT03","CH12"
"74",1,"BT03","CH15"
"75",263,"BT03","DPD01"
"76",4,"BT03","DPD03"
"77",15,"BT03","EL01"
"78",29,"BT03","EL03"
"79",19,"BT03","EL05"
"80",7,"BT03","FH01"
"81",7,"BT03","FH04"
"82",35,"BT03","ID04"
"83",182,"BT03","PS04"
"84",110,"BT03","PS05"
"85",75,"BT03","SLU01"
"86",42,"BT03","SLU02"
"87",423,"BT03","SLU04"
"88",137,"BT03","SLU07"
"89",305,"BT03","SLU15"
"90",77,"BT03","SLU16"
"91",60,"BT03","SLU17"
"92",37,"BT03","SLU18"
"93",226,"BT03","SLU19"
"94",20,"BT03","SLU20"
"95",45,"BT03","UD01"
"96",2,"BT03","UD02"
"97",8,"BT03","UD04"
"98",2,"BT03","UD07"
"99",11,"BT03","UW04"
"100",1,"BT03","UW07"
"101",160,"BT03","WF01"
"102",95,"BT03","WF04"
"103",95,"BT04","BT01"
"104",67,"BT04","BT03"
"105",89,"BT04","BT04"
"106",47,"BT04","BT05"
"107",49,"BT04","CBD03"
"108",10,"BT04","CBD04"
"109",156,"BT04","CBD05"
"110",56,"BT04","CBD06"
"111",20,"BT04","CBD07"
"112",128,"BT04","CBD13"
"113",1,"BT04","CD01"
"114",7,"BT04","CH01"
"115",9,"BT04","CH02"
"116",5,"BT04","CH03"
"117",1,"BT04","CH05"
"118",19,"BT04","CH07"
"119",8,"BT04","CH08"
"120",4,"BT04","CH09"
"121",10,"BT04","CH12"
"122",404,"BT04","DPD01"
"123",21,"BT04","EL01"
"124",38,"BT04","EL03"
"125",12,"BT04","EL05"
"126",2,"BT04","FH01"
"127",14,"BT04","ID04"
"128",43,"BT04","PS04"
"129",81,"BT04","PS05"
"130",69,"BT04","SLU01"
"131",148,"BT04","SLU02"
"132",139,"BT04","SLU04"
"133",50,"BT04","SLU07"
"134",55,"BT04","SLU15"
"135",35,"BT04","SLU16"
"136",60,"BT04","SLU17"
"137",39,"BT04","SLU18"
"138",61,"BT04","SLU19"
"139",70,"BT04","SLU20"
"140",1,"BT04","SLU21"
"141",3,"BT04","UD01"
"142",10,"BT04","UD04"
"143",1,"BT04","UD07"
"144",3,"BT04","UW04"
"145",1,"BT04","UW07"
"146",56,"BT04","WF01"
"147",24,"BT04","WF04"
"148",242,"BT05","BT01"
"149",106,"BT05","BT03"
"150",58,"BT05","BT04"
"151",163,"BT05","BT05"
"152",128,"BT05","CBD03"
"153",26,"BT05","CBD04"
"154",125,"BT05","CBD05"
"155",131,"BT05","CBD06"
"156",39,"BT05","CBD07"
"157",154,"BT05","CBD13"
"158",173,"BT05","CH01"
"159",30,"BT05","CH02"
"160",19,"BT05","CH03"
"161",6,"BT05","CH05"
"162",4,"BT05","CH06"
"163",22,"BT05","CH07"
"164",27,"BT05","CH08"
"165",27,"BT05","CH09"
"166",34,"BT05","CH12"
"167",4,"BT05","CH15"
"168",33,"BT05","DPD01"
"169",1,"BT05","DPD03"
"170",27,"BT05","EL01"
"171",168,"BT05","EL03"
"172",7,"BT05","EL05"
"173",8,"BT05","FH01"
"174",9,"BT05","FH04"
"175",49,"BT05","ID04"
"176",119,"BT05","PS04"
"177",91,"BT05","PS05"
"178",90,"BT05","SLU01"
"179",82,"BT05","SLU02"
"180",132,"BT05","SLU04"
"181",192,"BT05","SLU07"
"182",141,"BT05","SLU15"
"183",65,"BT05","SLU16"
"184",55,"BT05","SLU17"
"185",37,"BT05","SLU18"
"186",276,"BT05","SLU19"
"187",69,"BT05","SLU20"
"188",5,"BT05","SLU21"
"189",2,"BT05","UD04"
"190",3,"BT05","UD07"
"191",2,"BT05","UW02"
"192",4,"BT05","UW04"
"193",2,"BT05","UW06"
"194",1,"BT05","UW10"
"195",123,"BT05","WF01"
"196",57,"BT05","WF04"
"197",166,"CBD03","BT01"
"198",119,"CBD03","BT03"
"199",44,"CBD03","BT04"
"200",97,"CBD03","BT05"
"201",178,"CBD03","CBD03"
"202",9,"CBD03","CBD04"
"203",78,"CBD03","CBD05"
"204",62,"CBD03","CBD06"
"205",51,"CBD03","CBD07"
"206",114,"CBD03","CBD13"
"207",10,"CBD03","CD01"
"208",56,"CBD03","CH01"
"209",39,"CBD03","CH02"
"210",62,"CBD03","CH03"
"211",28,"CBD03","CH05"
"212",6,"CBD03","CH06"
"213",29,"CBD03","CH07"
"214",65,"CBD03","CH08"
"215",66,"CBD03","CH09"
"216",50,"CBD03","CH12"
"217",19,"CBD03","CH15"
"218",73,"CBD03","DPD01"
"219",33,"CBD03","EL01"
"220",56,"CBD03","EL03"
"221",12,"CBD03","EL05"
"222",29,"CBD03","FH01"
"223",23,"CBD03","FH04"
"224",54,"CBD03","ID04"
"225",172,"CBD03","PS04"
"226",102,"CBD03","PS05"
"227",174,"CBD03","SLU01"
"228",115,"CBD03","SLU02"
"229",95,"CBD03","SLU04"
"230",160,"CBD03","SLU07"
"231",59,"CBD03","SLU15"
"232",34,"CBD03","SLU16"
"233",43,"CBD03","SLU17"
"234",69,"CBD03","SLU18"
"235",98,"CBD03","SLU19"
"236",18,"CBD03","SLU20"
"237",3,"CBD03","UD01"
"238",3,"CBD03","UD02"
"239",11,"CBD03","UD04"
"240",6,"CBD03","UD07"
"241",3,"CBD03","UW02"
"242",3,"CBD03","UW04"
"243",3,"CBD03","UW07"
"244",1,"CBD03","UW10"
"245",107,"CBD03","WF01"
"246",67,"CBD03","WF04"
"247",47,"CBD04","BT01"
"248",21,"CBD04","BT03"
"249",13,"CBD04","BT04"
"250",22,"CBD04","BT05"
"251",10,"CBD04","CBD03"
"252",34,"CBD04","CBD04"
"253",9,"CBD04","CBD05"
"254",7,"CBD04","CBD06"
"255",11,"CBD04","CBD07"
"256",20,"CBD04","CBD13"
"257",4,"CBD04","CD01"
"258",4,"CBD04","CH01"
"259",11,"CBD04","CH03"
"260",1,"CBD04","CH06"
"261",1,"CBD04","CH07"
"262",3,"CBD04","CH08"
"263",7,"CBD04","CH09"
"264",14,"CBD04","CH12"
"265",2,"CBD04","CH15"
"266",2,"CBD04","DPD01"
"267",1,"CBD04","EL01"
"268",11,"CBD04","EL03"
"269",2,"CBD04","EL05"
"270",1,"CBD04","FH01"
"271",2,"CBD04","FH04"
"272",17,"CBD04","ID04"
"273",72,"CBD04","PS04"
"274",54,"CBD04","PS05"
"275",21,"CBD04","SLU01"
"276",11,"CBD04","SLU02"
"277",6,"CBD04","SLU04"
"278",65,"CBD04","SLU07"
"279",15,"CBD04","SLU15"
"280",21,"CBD04","SLU16"
"281",7,"CBD04","SLU17"
"282",11,"CBD04","SLU18"
"283",52,"CBD04","SLU19"
"284",12,"CBD04","SLU20"
"285",4,"CBD04","UD02"
"286",33,"CBD04","WF01"
"287",29,"CBD04","WF04"
"288",117,"CBD05","BT01"
"289",118,"CBD05","BT03"
"290",171,"CBD05","BT04"
"291",154,"CBD05","BT05"
"292",76,"CBD05","CBD03"
"293",13,"CBD05","CBD04"
"294",215,"CBD05","CBD05"
"295",45,"CBD05","CBD06"
"296",19,"CBD05","CBD07"
"297",242,"CBD05","CBD13"
"298",2,"CBD05","CD01"
"299",50,"CBD05","CH01"
"300",13,"CBD05","CH02"
"301",1,"CBD05","CH03"
"302",8,"CBD05","CH05"
"303",7,"CBD05","CH06"
"304",5,"CBD05","CH07"
"305",10,"CBD05","CH08"
"306",13,"CBD05","CH09"
"307",18,"CBD05","CH12"
"308",3,"CBD05","CH15"
"309",12,"CBD05","DPD01"
"310",11,"CBD05","EL01"
"311",9,"CBD05","EL03"
"312",3,"CBD05","EL05"
"313",11,"CBD05","FH01"
"314",3,"CBD05","FH04"
"315",86,"CBD05","ID04"
"316",176,"CBD05","PS04"
"317",180,"CBD05","PS05"
"318",25,"CBD05","SLU01"
"319",14,"CBD05","SLU02"
"320",36,"CBD05","SLU04"
"321",26,"CBD05","SLU07"
"322",186,"CBD05","SLU15"
"323",15,"CBD05","SLU16"
"324",14,"CBD05","SLU17"
"325",16,"CBD05","SLU18"
"326",166,"CBD05","SLU19"
"327",5,"CBD05","SLU20"
"328",6,"CBD05","UD04"
"329",2,"CBD05","UD07"
"330",1,"CBD05","UW06"
"331",1,"CBD05","UW07"
"332",415,"CBD05","WF01"
"333",178,"CBD05","WF04"
"334",340,"CBD06","BT01"
"335",93,"CBD06","BT03"
"336",71,"CBD06","BT04"
"337",99,"CBD06","BT05"
"338",58,"CBD06","CBD03"
"339",10,"CBD06","CBD04"
"340",61,"CBD06","CBD05"
"341",145,"CBD06","CBD06"
"342",80,"CBD06","CBD07"
"343",203,"CBD06","CBD13"
"344",5,"CBD06","CD01"
"345",19,"CBD06","CH01"
"346",15,"CBD06","CH02"
"347",7,"CBD06","CH03"
"348",38,"CBD06","CH05"
"349",11,"CBD06","CH06"
"350",17,"CBD06","CH07"
"351",24,"CBD06","CH08"
"352",12,"CBD06","CH09"
"353",40,"CBD06","CH12"
"354",4,"CBD06","CH15"
"355",25,"CBD06","DPD01"
"356",8,"CBD06","EL01"
"357",10,"CBD06","EL03"
"358",7,"CBD06","EL05"
"359",4,"CBD06","FH01"
"360",12,"CBD06","FH04"
"361",117,"CBD06","ID04"
"362",1,"CBD06","Pronto shop"
"363",300,"CBD06","PS04"
"364",235,"CBD06","PS05"
"365",56,"CBD06","SLU01"
"366",111,"CBD06","SLU02"
"367",45,"CBD06","SLU04"
"368",64,"CBD06","SLU07"
"369",162,"CBD06","SLU15"
"370",71,"CBD06","SLU16"
"371",30,"CBD06","SLU17"
"372",23,"CBD06","SLU18"
"373",139,"CBD06","SLU19"
"374",10,"CBD06","SLU20"
"375",1,"CBD06","UD01"
"376",4,"CBD06","UD04"
"377",1,"CBD06","UD07"
"378",2,"CBD06","UW04"
"379",134,"CBD06","WF01"
"380",86,"CBD06","WF04"
"381",127,"CBD07","BT01"
"382",58,"CBD07","BT03"
"383",26,"CBD07","BT04"
"384",56,"CBD07","BT05"
"385",35,"CBD07","CBD03"
"386",19,"CBD07","CBD04"
"387",51,"CBD07","CBD05"
"388",85,"CBD07","CBD06"
"389",112,"CBD07","CBD07"
"390",119,"CBD07","CBD13"
"391",1,"CBD07","CD01"
"392",13,"CBD07","CH01"
"393",3,"CBD07","CH02"
"394",4,"CBD07","CH03"
"395",7,"CBD07","CH05"
"396",2,"CBD07","CH06"
"397",13,"CBD07","CH07"
"398",18,"CBD07","CH08"
"399",6,"CBD07","CH09"
"400",8,"CBD07","CH12"
"401",10,"CBD07","CH15"
"402",18,"CBD07","DPD01"
"403",5,"CBD07","EL01"
"404",29,"CBD07","EL03"
"405",4,"CBD07","EL05"
"406",11,"CBD07","FH01"
"407",10,"CBD07","FH04"
"408",183,"CBD07","ID04"
"409",1,"CBD07","Pronto shop"
"410",124,"CBD07","PS04"
"411",139,"CBD07","PS05"
"412",89,"CBD07","SLU01"
"413",25,"CBD07","SLU02"
"414",33,"CBD07","SLU04"
"415",42,"CBD07","SLU07"
"416",69,"CBD07","SLU15"
"417",24,"CBD07","SLU16"
"418",9,"CBD07","SLU17"
"419",34,"CBD07","SLU18"
"420",79,"CBD07","SLU19"
"421",7,"CBD07","SLU20"
"422",1,"CBD07","SLU21"
"423",1,"CBD07","UD01"
"424",4,"CBD07","UW04"
"425",59,"CBD07","WF01"
"426",65,"CBD07","WF04"
"427",574,"CBD13","BT01"
"428",242,"CBD13","BT03"
"429",96,"CBD13","BT04"
"430",103,"CBD13","BT05"
"431",80,"CBD13","CBD03"
"432",14,"CBD13","CBD04"
"433",336,"CBD13","CBD05"
"434",176,"CBD13","CBD06"
"435",110,"CBD13","CBD07"
"436",308,"CBD13","CBD13"
"437",5,"CBD13","CD01"
"438",46,"CBD13","CH01"
"439",19,"CBD13","CH02"
"440",38,"CBD13","CH03"
"441",29,"CBD13","CH05"
"442",15,"CBD13","CH06"
"443",41,"CBD13","CH07"
"444",73,"CBD13","CH08"
"445",75,"CBD13","CH09"
"446",83,"CBD13","CH12"
"447",60,"CBD13","CH15"
"448",54,"CBD13","DPD01"
"449",26,"CBD13","EL01"
"450",64,"CBD13","EL03"
"451",14,"CBD13","EL05"
"452",21,"CBD13","FH01"
"453",32,"CBD13","FH04"
"454",151,"CBD13","ID04"
"455",360,"CBD13","PS04"
"456",260,"CBD13","PS05"
"457",135,"CBD13","SLU01"
"458",96,"CBD13","SLU02"
"459",164,"CBD13","SLU04"
"460",255,"CBD13","SLU07"
"461",235,"CBD13","SLU15"
"462",108,"CBD13","SLU16"
"463",64,"CBD13","SLU17"
"464",92,"CBD13","SLU18"
"465",254,"CBD13","SLU19"
"466",58,"CBD13","SLU20"
"467",2,"CBD13","SLU21"
"468",1,"CBD13","UD01"
"469",5,"CBD13","UD02"
"470",21,"CBD13","UD04"
"471",6,"CBD13","UD07"
"472",1,"CBD13","UW02"
"473",7,"CBD13","UW04"
"474",1,"CBD13","UW07"
"475",4,"CBD13","UW10"
"476",266,"CBD13","WF01"
"477",105,"CBD13","WF04"
"478",3,"CD01","BT01"
"479",1,"CD01","BT03"
"480",1,"CD01","BT04"
"481",3,"CD01","BT05"
"482",13,"CD01","CBD03"
"483",2,"CD01","CBD04"
"484",5,"CD01","CBD05"
"485",8,"CD01","CBD06"
"486",38,"CD01","CBD07"
"487",7,"CD01","CBD13"
"488",13,"CD01","CD01"
"489",1,"CD01","CH01"
"490",19,"CD01","CH02"
"491",1,"CD01","CH03"
"492",4,"CD01","CH05"
"493",10,"CD01","CH06"
"494",5,"CD01","CH07"
"495",49,"CD01","CH08"
"496",16,"CD01","CH09"
"497",2,"CD01","CH12"
"498",9,"CD01","CH15"
"499",2,"CD01","DPD01"
"500",1,"CD01","EL03"
"501",5,"CD01","FH01"
"502",31,"CD01","FH04"
"503",57,"CD01","ID04"
"504",70,"CD01","PS04"
"505",12,"CD01","PS05"
"506",8,"CD01","SLU15"
"507",2,"CD01","SLU16"
"508",2,"CD01","SLU18"
"509",3,"CD01","SLU19"
"510",2,"CD01","SLU20"
"511",3,"CD01","UD04"
"512",24,"CD01","WF01"
"513",8,"CD01","WF04"
"514",144,"CH01","BT01"
"515",23,"CH01","BT03"
"516",12,"CH01","BT04"
"517",119,"CH01","BT05"
"518",277,"CH01","CBD03"
"519",18,"CH01","CBD04"
"520",51,"CH01","CBD05"
"521",237,"CH01","CBD06"
"522",29,"CH01","CBD07"
"523",125,"CH01","CBD13"
"524",7,"CH01","CD01"
"525",72,"CH01","CH01"
"526",92,"CH01","CH02"
"527",294,"CH01","CH03"
"528",35,"CH01","CH05"
"529",15,"CH01","CH06"
"530",22,"CH01","CH07"
"531",80,"CH01","CH08"
"532",40,"CH01","CH09"
"533",69,"CH01","CH12"
"534",28,"CH01","CH15"
"535",57,"CH01","DPD01"
"536",1,"CH01","DPD03"
"537",86,"CH01","EL01"
"538",26,"CH01","EL03"
"539",55,"CH01","EL05"
"540",17,"CH01","FH01"
"541",22,"CH01","FH04"
"542",14,"CH01","ID04"
"543",279,"CH01","PS04"
"544",20,"CH01","PS05"
"545",221,"CH01","SLU01"
"546",28,"CH01","SLU02"
"547",81,"CH01","SLU04"
"548",56,"CH01","SLU07"
"549",65,"CH01","SLU15"
"550",256,"CH01","SLU16"
"551",27,"CH01","SLU17"
"552",30,"CH01","SLU18"
"553",32,"CH01","SLU19"
"554",14,"CH01","SLU20"
"555",1,"CH01","SLU21"
"556",4,"CH01","UD02"
"557",9,"CH01","UD04"
"558",9,"CH01","UD07"
"559",1,"CH01","UW02"
"560",1,"CH01","UW04"
"561",1,"CH01","UW07"
"562",2,"CH01","UW10"
"563",13,"CH01","WF01"
"564",18,"CH01","WF04"
"565",47,"CH02","BT01"
"566",26,"CH02","BT03"
"567",19,"CH02","BT04"
"568",187,"CH02","BT05"
"569",229,"CH02","CBD03"
"570",14,"CH02","CBD04"
"571",160,"CH02","CBD05"
"572",74,"CH02","CBD06"
"573",32,"CH02","CBD07"
"574",284,"CH02","CBD13"
"575",86,"CH02","CD01"
"576",219,"CH02","CH01"
"577",178,"CH02","CH02"
"578",163,"CH02","CH03"
"579",58,"CH02","CH05"
"580",50,"CH02","CH06"
"581",244,"CH02","CH07"
"582",437,"CH02","CH08"
"583",320,"CH02","CH09"
"584",156,"CH02","CH12"
"585",46,"CH02","CH15"
"586",39,"CH02","DPD01"
"587",5,"CH02","DPD03"
"588",10,"CH02","EL01"
"589",72,"CH02","EL03"
"590",93,"CH02","EL05"
"591",69,"CH02","FH01"
"592",89,"CH02","FH04"
"593",96,"CH02","ID04"
"594",66,"CH02","PS04"
"595",64,"CH02","PS05"
"596",110,"CH02","SLU01"
"597",17,"CH02","SLU02"
"598",46,"CH02","SLU04"
"599",58,"CH02","SLU07"
"600",106,"CH02","SLU15"
"601",473,"CH02","SLU16"
"602",42,"CH02","SLU17"
"603",30,"CH02","SLU18"
"604",26,"CH02","SLU19"
"605",44,"CH02","SLU20"
"606",8,"CH02","UD01"
"607",16,"CH02","UD02"
"608",70,"CH02","UD04"
"609",15,"CH02","UD07"
"610",4,"CH02","UW01"
"611",2,"CH02","UW02"
"612",24,"CH02","UW04"
"613",9,"CH02","UW06"
"614",8,"CH02","UW07"
"615",29,"CH02","UW10"
"616",8,"CH02","WF01"
"617",13,"CH02","WF04"
"618",65,"CH03","BT01"
"619",8,"CH03","BT03"
"620",12,"CH03","BT04"
"621",62,"CH03","BT05"
"622",313,"CH03","CBD03"
"623",43,"CH03","CBD04"
"624",72,"CH03","CBD05"
"625",142,"CH03","CBD06"
"626",21,"CH03","CBD07"
"627",129,"CH03","CBD13"
"628",261,"CH03","CH01"
"629",38,"CH03","CH02"
"630",73,"CH03","CH03"
"631",19,"CH03","CH05"
"632",5,"CH03","CH06"
"633",28,"CH03","CH07"
"634",81,"CH03","CH08"
"635",148,"CH03","CH09"
"636",125,"CH03","CH12"
"637",13,"CH03","CH15"
"638",50,"CH03","DPD01"
"639",7,"CH03","DPD03"
"640",22,"CH03","EL01"
"641",104,"CH03","EL03"
"642",42,"CH03","EL05"
"643",33,"CH03","FH01"
"644",25,"CH03","FH04"
"645",15,"CH03","ID04"
"646",53,"CH03","PS04"
"647",23,"CH03","PS05"
"648",120,"CH03","SLU01"
"649",6,"CH03","SLU02"
"650",134,"CH03","SLU04"
"651",57,"CH03","SLU07"
"652",108,"CH03","SLU15"
"653",436,"CH03","SLU16"
"654",33,"CH03","SLU17"
"655",46,"CH03","SLU18"
"656",24,"CH03","SLU19"
"657",8,"CH03","SLU20"
"658",1,"CH03","SLU21"
"659",11,"CH03","UD02"
"660",35,"CH03","UD04"
"661",6,"CH03","UD07"
"662",14,"CH03","UW04"
"663",6,"CH03","UW06"
"664",5,"CH03","UW07"
"665",50,"CH03","UW10"
"666",17,"CH03","WF01"
"667",12,"CH03","WF04"
"668",19,"CH05","BT01"
"669",20,"CH05","BT03"
"670",12,"CH05","BT04"
"671",76,"CH05","BT05"
"672",283,"CH05","CBD03"
"673",16,"CH05","CBD04"
"674",29,"CH05","CBD05"
"675",49,"CH05","CBD06"
"676",77,"CH05","CBD07"
"677",148,"CH05","CBD13"
"678",7,"CH05","CD01"
"679",98,"CH05","CH01"
"680",328,"CH05","CH02"
"681",168,"CH05","CH03"
"682",106,"CH05","CH05"
"683",31,"CH05","CH06"
"684",292,"CH05","CH07"
"685",310,"CH05","CH08"
"686",148,"CH05","CH09"
"687",124,"CH05","CH12"
"688",64,"CH05","CH15"
"689",14,"CH05","DPD01"
"690",2,"CH05","DPD03"
"691",122,"CH05","EL01"
"692",19,"CH05","EL03"
"693",24,"CH05","EL05"
"694",29,"CH05","FH01"
"695",98,"CH05","FH04"
"696",53,"CH05","ID04"
"697",2,"CH05","Pronto shop"
"698",101,"CH05","PS04"
"699",35,"CH05","PS05"
"700",105,"CH05","SLU01"
"701",8,"CH05","SLU02"
"702",37,"CH05","SLU04"
"703",62,"CH05","SLU07"
"704",71,"CH05","SLU15"
"705",200,"CH05","SLU16"
"706",30,"CH05","SLU17"
"707",17,"CH05","SLU18"
"708",111,"CH05","SLU19"
"709",7,"CH05","SLU20"
"710",14,"CH05","UD01"
"711",21,"CH05","UD02"
"712",105,"CH05","UD04"
"713",13,"CH05","UD07"
"714",22,"CH05","UW04"
"715",2,"CH05","UW06"
"716",15,"CH05","UW07"
"717",19,"CH05","UW10"
"718",6,"CH05","WF01"
"719",8,"CH05","WF04"
"720",10,"CH06","BT01"
"721",13,"CH06","BT03"
"722",4,"CH06","BT04"
"723",16,"CH06","BT05"
"724",54,"CH06","CBD03"
"725",4,"CH06","CBD04"
"726",53,"CH06","CBD05"
"727",30,"CH06","CBD06"
"728",24,"CH06","CBD07"
"729",89,"CH06","CBD13"
"730",39,"CH06","CD01"
"731",34,"CH06","CH01"
"732",97,"CH06","CH02"
"733",13,"CH06","CH03"
"734",15,"CH06","CH05"
"735",44,"CH06","CH06"
"736",20,"CH06","CH07"
"737",150,"CH06","CH08"
"738",45,"CH06","CH09"
"739",49,"CH06","CH12"
"740",77,"CH06","CH15"
"741",54,"CH06","DPD01"
"742",1,"CH06","DPD03"
"743",1,"CH06","EL01"
"744",6,"CH06","EL03"
"745",19,"CH06","EL05"
"746",9,"CH06","FH01"
"747",48,"CH06","FH04"
"748",64,"CH06","ID04"
"749",1,"CH06","Pronto shop"
"750",25,"CH06","PS04"
"751",31,"CH06","PS05"
"752",34,"CH06","SLU01"
"753",5,"CH06","SLU02"
"754",97,"CH06","SLU04"
"755",55,"CH06","SLU07"
"756",42,"CH06","SLU15"
"757",194,"CH06","SLU16"
"758",16,"CH06","SLU17"
"759",2,"CH06","SLU18"
"760",9,"CH06","SLU19"
"761",8,"CH06","SLU20"
"762",1,"CH06","SLU21"
"763",4,"CH06","UD01"
"764",2,"CH06","UD02"
"765",13,"CH06","UD04"
"766",4,"CH06","UD07"
"767",1,"CH06","UW02"
"768",2,"CH06","UW04"
"769",9,"CH06","UW10"
"770",26,"CH06","WF01"
"771",7,"CH06","WF04"
"772",114,"CH07","BT01"
"773",91,"CH07","BT03"
"774",108,"CH07","BT04"
"775",73,"CH07","BT05"
"776",236,"CH07","CBD03"
"777",31,"CH07","CBD04"
"778",140,"CH07","CBD05"
"779",102,"CH07","CBD06"
"780",87,"CH07","CBD07"
"781",348,"CH07","CBD13"
"782",14,"CH07","CD01"
"783",112,"CH07","CH01"
"784",466,"CH07","CH02"
"785",72,"CH07","CH03"
"786",328,"CH07","CH05"
"787",25,"CH07","CH06"
"788",144,"CH07","CH07"
"789",253,"CH07","CH08"
"790",190,"CH07","CH09"
"791",81,"CH07","CH12"
"792",120,"CH07","CH15"
"793",16,"CH07","DPD01"
"794",4,"CH07","DPD03"
"795",11,"CH07","EL01"
"796",35,"CH07","EL03"
"797",13,"CH07","EL05"
"798",79,"CH07","FH01"
"799",73,"CH07","FH04"
"800",165,"CH07","ID04"
"801",1,"CH07","Pronto shop"
"802",191,"CH07","PS04"
"803",47,"CH07","PS05"
"804",275,"CH07","SLU01"
"805",32,"CH07","SLU02"
"806",31,"CH07","SLU04"
"807",265,"CH07","SLU07"
"808",115,"CH07","SLU15"
"809",454,"CH07","SLU16"
"810",10,"CH07","SLU17"
"811",7,"CH07","SLU18"
"812",69,"CH07","SLU19"
"813",26,"CH07","SLU20"
"814",12,"CH07","UD01"
"815",3,"CH07","UD02"
"816",33,"CH07","UD04"
"817",6,"CH07","UD07"
"818",2,"CH07","UW01"
"819",2,"CH07","UW02"
"820",6,"CH07","UW04"
"821",5,"CH07","UW06"
"822",27,"CH07","UW07"
"823",7,"CH07","UW10"
"824",17,"CH07","WF01"
"825",16,"CH07","WF04"
"826",78,"CH08","BT01"
"827",143,"CH08","BT03"
"828",34,"CH08","BT04"
"829",63,"CH08","BT05"
"830",173,"CH08","CBD03"
"831",14,"CH08","CBD04"
"832",70,"CH08","CBD05"
"833",284,"CH08","CBD06"
"834",51,"CH08","CBD07"
"835",252,"CH08","CBD13"
"836",55,"CH08","CD01"
"837",106,"CH08","CH01"
"838",427,"CH08","CH02"
"839",163,"CH08","CH03"
"840",137,"CH08","CH05"
"841",61,"CH08","CH06"
"842",80,"CH08","CH07"
"843",186,"CH08","CH08"
"844",64,"CH08","CH09"
"845",241,"CH08","CH12"
"846",221,"CH08","CH15"
"847",94,"CH08","DPD01"
"848",7,"CH08","DPD03"
"849",39,"CH08","EL01"
"850",73,"CH08","EL03"
"851",78,"CH08","EL05"
"852",69,"CH08","FH01"
"853",199,"CH08","FH04"
"854",174,"CH08","ID04"
"855",84,"CH08","PS04"
"856",59,"CH08","PS05"
"857",137,"CH08","SLU01"
"858",28,"CH08","SLU02"
"859",105,"CH08","SLU04"
"860",219,"CH08","SLU07"
"861",85,"CH08","SLU15"
"862",253,"CH08","SLU16"
"863",25,"CH08","SLU17"
"864",27,"CH08","SLU18"
"865",55,"CH08","SLU19"
"866",25,"CH08","SLU20"
"867",6,"CH08","UD01"
"868",5,"CH08","UD02"
"869",44,"CH08","UD04"
"870",4,"CH08","UD07"
"871",1,"CH08","UW02"
"872",8,"CH08","UW04"
"873",1,"CH08","UW06"
"874",14,"CH08","UW07"
"875",21,"CH08","WF01"
"876",37,"CH08","WF04"
"877",68,"CH09","BT01"
"878",58,"CH09","BT03"
"879",24,"CH09","BT04"
"880",46,"CH09","BT05"
"881",103,"CH09","CBD03"
"882",12,"CH09","CBD04"
"883",32,"CH09","CBD05"
"884",29,"CH09","CBD06"
"885",24,"CH09","CBD07"
"886",188,"CH09","CBD13"
"887",13,"CH09","CD01"
"888",83,"CH09","CH01"
"889",408,"CH09","CH02"
"890",139,"CH09","CH03"
"891",81,"CH09","CH05"
"892",40,"CH09","CH06"
"893",73,"CH09","CH07"
"894",49,"CH09","CH08"
"895",97,"CH09","CH09"
"896",67,"CH09","CH12"
"897",63,"CH09","CH15"
"898",18,"CH09","DPD01"
"899",8,"CH09","EL01"
"900",27,"CH09","EL03"
"901",28,"CH09","EL05"
"902",60,"CH09","FH01"
"903",159,"CH09","FH04"
"904",55,"CH09","ID04"
"905",85,"CH09","PS04"
"906",30,"CH09","PS05"
"907",86,"CH09","SLU01"
"908",18,"CH09","SLU02"
"909",19,"CH09","SLU04"
"910",51,"CH09","SLU07"
"911",53,"CH09","SLU15"
"912",245,"CH09","SLU16"
"913",8,"CH09","SLU17"
"914",73,"CH09","SLU18"
"915",64,"CH09","SLU19"
"916",46,"CH09","SLU20"
"917",3,"CH09","UD01"
"918",5,"CH09","UD02"
"919",20,"CH09","UD04"
"920",9,"CH09","UD07"
"921",7,"CH09","UW04"
"922",4,"CH09","UW06"
"923",2,"CH09","UW07"
"924",3,"CH09","UW10"
"925",21,"CH09","WF01"
"926",22,"CH09","WF04"
"927",122,"CH12","BT01"
"928",67,"CH12","BT03"
"929",19,"CH12","BT04"
"930",74,"CH12","BT05"
"931",65,"CH12","CBD03"
"932",12,"CH12","CBD04"
"933",27,"CH12","CBD05"
"934",300,"CH12","CBD06"
"935",16,"CH12","CBD07"
"936",176,"CH12","CBD13"
"937",2,"CH12","CD01"
"938",42,"CH12","CH01"
"939",54,"CH12","CH02"
"940",166,"CH12","CH03"
"941",44,"CH12","CH05"
"942",15,"CH12","CH06"
"943",43,"CH12","CH07"
"944",110,"CH12","CH08"
"945",39,"CH12","CH09"
"946",54,"CH12","CH12"
"947",20,"CH12","CH15"
"948",24,"CH12","DPD01"
"949",10,"CH12","EL01"
"950",6,"CH12","EL03"
"951",32,"CH12","EL05"
"952",30,"CH12","FH01"
"953",28,"CH12","FH04"
"954",14,"CH12","ID04"
"955",141,"CH12","PS04"
"956",9,"CH12","PS05"
"957",106,"CH12","SLU01"
"958",13,"CH12","SLU02"
"959",108,"CH12","SLU04"
"960",157,"CH12","SLU07"
"961",94,"CH12","SLU15"
"962",76,"CH12","SLU16"
"963",23,"CH12","SLU17"
"964",29,"CH12","SLU18"
"965",46,"CH12","SLU19"
"966",36,"CH12","SLU20"
"967",5,"CH12","UD01"
"968",4,"CH12","UD02"
"969",10,"CH12","UD04"
"970",3,"CH12","UD07"
"971",4,"CH12","UW02"
"972",3,"CH12","UW04"
"973",2,"CH12","UW07"
"974",27,"CH12","UW10"
"975",33,"CH12","WF01"
"976",23,"CH12","WF04"
"977",25,"CH15","BT01"
"978",6,"CH15","BT03"
"979",2,"CH15","BT04"
"980",41,"CH15","BT05"
"981",30,"CH15","CBD03"
"982",26,"CH15","CBD04"
"983",83,"CH15","CBD05"
"984",158,"CH15","CBD06"
"985",154,"CH15","CBD07"
"986",164,"CH15","CBD13"
"987",13,"CH15","CD01"
"988",38,"CH15","CH01"
"989",130,"CH15","CH02"
"990",41,"CH15","CH03"
"991",39,"CH15","CH05"
"992",85,"CH15","CH06"
"993",100,"CH15","CH07"
"994",253,"CH15","CH08"
"995",68,"CH15","CH09"
"996",49,"CH15","CH12"
"997",109,"CH15","CH15"
"998",15,"CH15","DPD01"
"999",3,"CH15","DPD03"
"1000",16,"CH15","EL01"
"1001",22,"CH15","EL03"
"1002",34,"CH15","EL05"
"1003",13,"CH15","FH01"
"1004",135,"CH15","FH04"
"1005",27,"CH15","ID04"
"1006",133,"CH15","PS04"
"1007",26,"CH15","PS05"
"1008",59,"CH15","SLU01"
"1009",8,"CH15","SLU02"
"1010",208,"CH15","SLU04"
"1011",113,"CH15","SLU07"
"1012",30,"CH15","SLU15"
"1013",144,"CH15","SLU16"
"1014",66,"CH15","SLU17"
"1015",24,"CH15","SLU18"
"1016",9,"CH15","SLU19"
"1017",3,"CH15","SLU20"
"1018",4,"CH15","UD01"
"1019",7,"CH15","UD02"
"1020",45,"CH15","UD04"
"1021",7,"CH15","UD07"
"1022",3,"CH15","UW02"
"1023",9,"CH15","UW04"
"1024",3,"CH15","UW06"
"1025",10,"CH15","UW07"
"1026",12,"CH15","UW10"
"1027",14,"CH15","WF01"
"1028",23,"CH15","WF04"
"1029",97,"DPD01","BT01"
"1030",112,"DPD01","BT03"
"1031",286,"DPD01","BT04"
"1032",27,"DPD01","BT05"
"1033",45,"DPD01","CBD03"
"1034",2,"DPD01","CBD04"
"1035",34,"DPD01","CBD05"
"1036",20,"DPD01","CBD06"
"1037",15,"DPD01","CBD07"
"1038",48,"DPD01","CBD13"
"1039",3,"DPD01","CD01"
"1040",15,"DPD01","CH01"
"1041",14,"DPD01","CH02"
"1042",49,"DPD01","CH03"
"1043",1,"DPD01","CH05"
"1044",4,"DPD01","CH06"
"1045",2,"DPD01","CH07"
"1046",2,"DPD01","CH08"
"1047",9,"DPD01","CH09"
"1048",8,"DPD01","CH12"
"1049",3,"DPD01","CH15"
"1050",105,"DPD01","DPD01"
"1051",69,"DPD01","EL01"
"1052",139,"DPD01","EL03"
"1053",53,"DPD01","EL05"
"1054",2,"DPD01","FH01"
"1055",6,"DPD01","FH04"
"1056",4,"DPD01","ID04"
"1057",19,"DPD01","PS04"
"1058",60,"DPD01","PS05"
"1059",108,"DPD01","SLU01"
"1060",119,"DPD01","SLU02"
"1061",33,"DPD01","SLU04"
"1062",321,"DPD01","SLU07"
"1063",235,"DPD01","SLU15"
"1064",50,"DPD01","SLU16"
"1065",86,"DPD01","SLU17"
"1066",89,"DPD01","SLU18"
"1067",141,"DPD01","SLU19"
"1068",11,"DPD01","SLU20"
"1069",3,"DPD01","SLU21"
"1070",8,"DPD01","UD01"
"1071",8,"DPD01","UD02"
"1072",16,"DPD01","UD04"
"1073",13,"DPD01","UD07"
"1074",1,"DPD01","UW01"
"1075",17,"DPD01","UW04"
"1076",1,"DPD01","UW06"
"1077",2,"DPD01","UW07"
"1078",6,"DPD01","UW10"
"1079",16,"DPD01","WF01"
"1080",19,"DPD01","WF04"
"1081",1,"DPD03","BT03"
"1082",1,"DPD03","BT05"
"1083",1,"DPD03","CBD06"
"1084",1,"DPD03","CH05"
"1085",2,"DPD03","CH07"
"1086",2,"DPD03","CH08"
"1087",2,"DPD03","DPD01"
"1088",209,"DPD03","DPD03"
"1089",1,"DPD03","EL01"
"1090",9,"DPD03","EL03"
"1091",11,"DPD03","EL05"
"1092",2,"DPD03","FH01"
"1093",2,"DPD03","FH04"
"1094",4,"DPD03","SLU01"
"1095",3,"DPD03","SLU02"
"1096",3,"DPD03","SLU04"
"1097",3,"DPD03","SLU15"
"1098",1,"DPD03","SLU16"
"1099",2,"DPD03","SLU17"
"1100",290,"DPD03","UD01"
"1101",6,"DPD03","UD02"
"1102",55,"DPD03","UD04"
"1103",16,"DPD03","UD07"
"1104",6,"DPD03","UW01"
"1105",2,"DPD03","UW02"
"1106",49,"DPD03","UW04"
"1107",10,"DPD03","UW06"
"1108",94,"DPD03","UW07"
"1109",47,"DPD03","UW10"
"1110",184,"EL01","BT01"
"1111",21,"EL01","BT03"
"1112",35,"EL01","BT04"
"1113",29,"EL01","BT05"
"1114",27,"EL01","CBD03"
"1115",2,"EL01","CBD04"
"1116",17,"EL01","CBD05"
"1117",16,"EL01","CBD06"
"1118",5,"EL01","CBD07"
"1119",33,"EL01","CBD13"
"1120",3,"EL01","CH01"
"1121",3,"EL01","CH02"
"1122",4,"EL01","CH03"
"1123",4,"EL01","CH05"
"1124",6,"EL01","CH07"
"1125",5,"EL01","CH08"
"1126",6,"EL01","CH09"
"1127",7,"EL01","CH12"
"1128",10,"EL01","CH15"
"1129",53,"EL01","DPD01"
"1130",155,"EL01","EL01"
"1131",251,"EL01","EL03"
"1132",123,"EL01","EL05"
"1133",2,"EL01","FH01"
"1134",5,"EL01","FH04"
"1135",3,"EL01","ID04"
"1136",12,"EL01","PS04"
"1137",20,"EL01","PS05"
"1138",40,"EL01","SLU01"
"1139",57,"EL01","SLU02"
"1140",98,"EL01","SLU04"
"1141",71,"EL01","SLU07"
"1142",186,"EL01","SLU15"
"1143",38,"EL01","SLU16"
"1144",149,"EL01","SLU17"
"1145",37,"EL01","SLU18"
"1146",39,"EL01","SLU19"
"1147",7,"EL01","SLU20"
"1148",11,"EL01","UD01"
"1149",4,"EL01","UD02"
"1150",53,"EL01","UD04"
"1151",11,"EL01","UD07"
"1152",8,"EL01","UW02"
"1153",8,"EL01","UW04"
"1154",1,"EL01","UW06"
"1155",8,"EL01","UW10"
"1156",20,"EL01","WF01"
"1157",14,"EL01","WF04"
"1158",44,"EL03","BT01"
"1159",37,"EL03","BT03"
"1160",25,"EL03","BT04"
"1161",155,"EL03","BT05"
"1162",22,"EL03","CBD03"
"1163",1,"EL03","CBD04"
"1164",11,"EL03","CBD05"
"1165",29,"EL03","CBD06"
"1166",8,"EL03","CBD07"
"1167",30,"EL03","CBD13"
"1168",1,"EL03","CD01"
"1169",7,"EL03","CH01"
"1170",2,"EL03","CH02"
"1171",7,"EL03","CH03"
"1172",3,"EL03","CH05"
"1173",3,"EL03","CH06"
"1174",3,"EL03","CH07"
"1175",5,"EL03","CH08"
"1176",8,"EL03","CH09"
"1177",7,"EL03","CH12"
"1178",9,"EL03","CH15"
"1179",183,"EL03","DPD01"
"1180",3,"EL03","DPD03"
"1181",228,"EL03","EL01"
"1182",162,"EL03","EL03"
"1183",154,"EL03","EL05"
"1184",2,"EL03","ID04"
"1185",30,"EL03","PS04"
"1186",14,"EL03","PS05"
"1187",102,"EL03","SLU01"
"1188",174,"EL03","SLU02"
"1189",146,"EL03","SLU04"
"1190",75,"EL03","SLU07"
"1191",81,"EL03","SLU15"
"1192",14,"EL03","SLU16"
"1193",338,"EL03","SLU17"
"1194",185,"EL03","SLU18"
"1195",135,"EL03","SLU19"
"1196",24,"EL03","SLU20"
"1197",6,"EL03","SLU21"
"1198",6,"EL03","UD01"
"1199",6,"EL03","UD02"
"1200",65,"EL03","UD04"
"1201",23,"EL03","UD07"
"1202",1,"EL03","UW01"
"1203",5,"EL03","UW02"
"1204",25,"EL03","UW04"
"1205",12,"EL03","UW06"
"1206",4,"EL03","UW07"
"1207",16,"EL03","UW10"
"1208",8,"EL03","WF01"
"1209",18,"EL03","WF04"
"1210",8,"EL05","BT01"
"1211",2,"EL05","BT03"
"1212",7,"EL05","BT04"
"1213",12,"EL05","BT05"
"1214",14,"EL05","CBD03"
"1215",1,"EL05","CBD04"
"1216",1,"EL05","CBD05"
"1217",9,"EL05","CBD06"
"1218",1,"EL05","CBD07"
"1219",17,"EL05","CBD13"
"1220",5,"EL05","CH01"
"1221",41,"EL05","CH02"
"1222",16,"EL05","CH03"
"1223",6,"EL05","CH05"
"1224",1,"EL05","CH06"
"1225",3,"EL05","CH07"
"1226",6,"EL05","CH08"
"1227",1,"EL05","CH09"
"1228",6,"EL05","CH12"
"1229",12,"EL05","CH15"
"1230",41,"EL05","DPD01"
"1231",4,"EL05","DPD03"
"1232",121,"EL05","EL01"
"1233",137,"EL05","EL03"
"1234",184,"EL05","EL05"
"1235",14,"EL05","FH01"
"1236",1,"EL05","FH04"
"1237",2,"EL05","ID04"
"1238",1,"EL05","PS04"
"1239",5,"EL05","PS05"
"1240",36,"EL05","SLU01"
"1241",51,"EL05","SLU02"
"1242",39,"EL05","SLU04"
"1243",48,"EL05","SLU07"
"1244",34,"EL05","SLU15"
"1245",8,"EL05","SLU16"
"1246",192,"EL05","SLU17"
"1247",30,"EL05","SLU18"
"1248",28,"EL05","SLU19"
"1249",5,"EL05","SLU20"
"1250",72,"EL05","UD01"
"1251",40,"EL05","UD02"
"1252",187,"EL05","UD04"
"1253",123,"EL05","UD07"
"1254",6,"EL05","UW01"
"1255",28,"EL05","UW02"
"1256",155,"EL05","UW04"
"1257",51,"EL05","UW06"
"1258",57,"EL05","UW07"
"1259",87,"EL05","UW10"
"1260",9,"EL05","WF01"
"1261",2,"EL05","WF04"
"1262",42,"FH01","BT01"
"1263",38,"FH01","BT03"
"1264",5,"FH01","BT04"
"1265",19,"FH01","BT05"
"1266",62,"FH01","CBD03"
"1267",7,"FH01","CBD04"
"1268",48,"FH01","CBD05"
"1269",99,"FH01","CBD06"
"1270",44,"FH01","CBD07"
"1271",71,"FH01","CBD13"
"1272",8,"FH01","CD01"
"1273",31,"FH01","CH01"
"1274",132,"FH01","CH02"
"1275",66,"FH01","CH03"
"1276",26,"FH01","CH05"
"1277",21,"FH01","CH06"
"1278",58,"FH01","CH07"
"1279",256,"FH01","CH08"
"1280",105,"FH01","CH09"
"1281",48,"FH01","CH12"
"1282",32,"FH01","CH15"
"1283",26,"FH01","DPD01"
"1284",8,"FH01","EL03"
"1285",47,"FH01","EL05"
"1286",100,"FH01","FH01"
"1287",33,"FH01","FH04"
"1288",76,"FH01","ID04"
"1289",56,"FH01","PS04"
"1290",33,"FH01","PS05"
"1291",64,"FH01","SLU01"
"1292",4,"FH01","SLU02"
"1293",117,"FH01","SLU04"
"1294",42,"FH01","SLU07"
"1295",87,"FH01","SLU15"
"1296",27,"FH01","SLU16"
"1297",3,"FH01","SLU17"
"1298",19,"FH01","SLU18"
"1299",14,"FH01","SLU19"
"1300",4,"FH01","SLU20"
"1301",2,"FH01","UD01"
"1302",3,"FH01","UD02"
"1303",4,"FH01","UD04"
"1304",4,"FH01","UD07"
"1305",4,"FH01","UW07"
"1306",4,"FH01","UW10"
"1307",12,"FH01","WF01"
"1308",14,"FH01","WF04"
"1309",26,"FH04","BT01"
"1310",13,"FH04","BT03"
"1311",5,"FH04","BT04"
"1312",29,"FH04","BT05"
"1313",18,"FH04","CBD03"
"1314",4,"FH04","CBD04"
"1315",11,"FH04","CBD05"
"1316",57,"FH04","CBD06"
"1317",16,"FH04","CBD07"
"1318",271,"FH04","CBD13"
"1319",40,"FH04","CD01"
"1320",30,"FH04","CH01"
"1321",91,"FH04","CH02"
"1322",30,"FH04","CH03"
"1323",31,"FH04","CH05"
"1324",28,"FH04","CH06"
"1325",28,"FH04","CH07"
"1326",107,"FH04","CH08"
"1327",56,"FH04","CH09"
"1328",81,"FH04","CH12"
"1329",88,"FH04","CH15"
"1330",4,"FH04","DPD01"
"1331",23,"FH04","EL01"
"1332",7,"FH04","EL03"
"1333",16,"FH04","EL05"
"1334",9,"FH04","FH01"
"1335",89,"FH04","FH04"
"1336",149,"FH04","ID04"
"1337",161,"FH04","PS04"
"1338",139,"FH04","PS05"
"1339",31,"FH04","SLU01"
"1340",10,"FH04","SLU02"
"1341",31,"FH04","SLU04"
"1342",19,"FH04","SLU07"
"1343",17,"FH04","SLU15"
"1344",60,"FH04","SLU16"
"1345",2,"FH04","SLU17"
"1346",4,"FH04","SLU18"
"1347",11,"FH04","SLU19"
"1348",2,"FH04","SLU20"
"1349",1,"FH04","UD02"
"1350",3,"FH04","UD04"
"1351",1,"FH04","UD07"
"1352",2,"FH04","UW06"
"1353",7,"FH04","WF01"
"1354",5,"FH04","WF04"
"1355",42,"ID04","BT01"
"1356",22,"ID04","BT03"
"1357",11,"ID04","BT04"
"1358",25,"ID04","BT05"
"1359",31,"ID04","CBD03"
"1360",13,"ID04","CBD04"
"1361",86,"ID04","CBD05"
"1362",75,"ID04","CBD06"
"1363",180,"ID04","CBD07"
"1364",97,"ID04","CBD13"
"1365",18,"ID04","CD01"
"1366",2,"ID04","CH01"
"1367",33,"ID04","CH02"
"1368",2,"ID04","CH03"
"1369",13,"ID04","CH05"
"1370",37,"ID04","CH06"
"1371",70,"ID04","CH07"
"1372",29,"ID04","CH08"
"1373",12,"ID04","CH09"
"1374",9,"ID04","CH12"
"1375",7,"ID04","CH15"
"1376",6,"ID04","DPD01"
"1377",1,"ID04","EL01"
"1378",3,"ID04","EL03"
"1379",1,"ID04","EL05"
"1380",16,"ID04","FH01"
"1381",64,"ID04","FH04"
"1382",137,"ID04","ID04"
"1383",123,"ID04","PS04"
"1384",17,"ID04","PS05"
"1385",12,"ID04","SLU01"
"1386",3,"ID04","SLU02"
"1387",3,"ID04","SLU04"
"1388",16,"ID04","SLU07"
"1389",41,"ID04","SLU15"
"1390",15,"ID04","SLU16"
"1391",5,"ID04","SLU17"
"1392",12,"ID04","SLU18"
"1393",19,"ID04","SLU19"
"1394",5,"ID04","SLU20"
"1395",1,"ID04","SLU21"
"1396",2,"ID04","UD01"
"1397",1,"ID04","UD02"
"1398",1,"ID04","UD07"
"1399",2,"ID04","UW04"
"1400",1,"ID04","UW07"
"1401",58,"ID04","WF01"
"1402",85,"ID04","WF04"
"1403",1,"Pronto shop","BT05"
"1404",106,"PS04","BT01"
"1405",64,"PS04","BT03"
"1406",23,"PS04","BT04"
"1407",94,"PS04","BT05"
"1408",77,"PS04","CBD03"
"1409",26,"PS04","CBD04"
"1410",116,"PS04","CBD05"
"1411",249,"PS04","CBD06"
"1412",59,"PS04","CBD07"
"1413",354,"PS04","CBD13"
"1414",11,"PS04","CD01"
"1415",40,"PS04","CH01"
"1416",9,"PS04","CH02"
"1417",9,"PS04","CH03"
"1418",12,"PS04","CH05"
"1419",5,"PS04","CH06"
"1420",18,"PS04","CH07"
"1421",19,"PS04","CH08"
"1422",18,"PS04","CH09"
"1423",26,"PS04","CH12"
"1424",11,"PS04","CH15"
"1425",18,"PS04","DPD01"
"1426",3,"PS04","DPD03"
"1427",1,"PS04","EL01"
"1428",34,"PS04","EL03"
"1429",4,"PS04","EL05"
"1430",13,"PS04","FH01"
"1431",20,"PS04","FH04"
"1432",106,"PS04","ID04"
"1433",212,"PS04","PS04"
"1434",90,"PS04","PS05"
"1435",30,"PS04","SLU01"
"1436",21,"PS04","SLU02"
"1437",19,"PS04","SLU04"
"1438",34,"PS04","SLU07"
"1439",195,"PS04","SLU15"
"1440",40,"PS04","SLU16"
"1441",11,"PS04","SLU17"
"1442",21,"PS04","SLU18"
"1443",83,"PS04","SLU19"
"1444",15,"PS04","SLU20"
"1445",3,"PS04","UD04"
"1446",1,"PS04","UD07"
"1447",249,"PS04","WF01"
"1448",242,"PS04","WF04"
"1449",109,"PS05","BT01"
"1450",26,"PS05","BT03"
"1451",16,"PS05","BT04"
"1452",37,"PS05","BT05"
"1453",75,"PS05","CBD03"
"1454",12,"PS05","CBD04"
"1455",104,"PS05","CBD05"
"1456",90,"PS05","CBD06"
"1457",83,"PS05","CBD07"
"1458",127,"PS05","CBD13"
"1459",10,"PS05","CD01"
"1460",4,"PS05","CH01"
"1461",8,"PS05","CH02"
"1462",5,"PS05","CH03"
"1463",5,"PS05","CH05"
"1464",7,"PS05","CH06"
"1465",19,"PS05","CH07"
"1466",46,"PS05","CH08"
"1467",7,"PS05","CH09"
"1468",12,"PS05","CH12"
"1469",8,"PS05","CH15"
"1470",43,"PS05","DPD01"
"1471",4,"PS05","EL01"
"1472",6,"PS05","EL03"
"1473",4,"PS05","EL05"
"1474",4,"PS05","FH01"
"1475",62,"PS05","FH04"
"1476",50,"PS05","ID04"
"1477",40,"PS05","PS04"
"1478",123,"PS05","PS05"
"1479",16,"PS05","SLU01"
"1480",14,"PS05","SLU02"
"1481",24,"PS05","SLU04"
"1482",39,"PS05","SLU07"
"1483",83,"PS05","SLU15"
"1484",22,"PS05","SLU16"
"1485",18,"PS05","SLU17"
"1486",9,"PS05","SLU18"
"1487",66,"PS05","SLU19"
"1488",4,"PS05","SLU20"
"1489",1,"PS05","UD04"
"1490",353,"PS05","WF01"
"1491",116,"PS05","WF04"
"1492",245,"SLU01","BT01"
"1493",115,"SLU01","BT03"
"1494",76,"SLU01","BT04"
"1495",140,"SLU01","BT05"
"1496",175,"SLU01","CBD03"
"1497",18,"SLU01","CBD04"
"1498",87,"SLU01","CBD05"
"1499",92,"SLU01","CBD06"
"1500",86,"SLU01","CBD07"
"1501",184,"SLU01","CBD13"
"1502",1,"SLU01","CD01"
"1503",32,"SLU01","CH01"
"1504",20,"SLU01","CH02"
"1505",79,"SLU01","CH03"
"1506",5,"SLU01","CH05"
"1507",10,"SLU01","CH06"
"1508",13,"SLU01","CH07"
"1509",23,"SLU01","CH08"
"1510",20,"SLU01","CH09"
"1511",32,"SLU01","CH12"
"1512",11,"SLU01","CH15"
"1513",73,"SLU01","DPD01"
"1514",52,"SLU01","EL01"
"1515",96,"SLU01","EL03"
"1516",58,"SLU01","EL05"
"1517",15,"SLU01","FH01"
"1518",10,"SLU01","FH04"
"1519",21,"SLU01","ID04"
"1520",61,"SLU01","PS04"
"1521",37,"SLU01","PS05"
"1522",176,"SLU01","SLU01"
"1523",143,"SLU01","SLU02"
"1524",263,"SLU01","SLU04"
"1525",344,"SLU01","SLU07"
"1526",462,"SLU01","SLU15"
"1527",504,"SLU01","SLU16"
"1528",93,"SLU01","SLU17"
"1529",125,"SLU01","SLU18"
"1530",80,"SLU01","SLU19"
"1531",151,"SLU01","SLU20"
"1532",2,"SLU01","SLU21"
"1533",7,"SLU01","UD01"
"1534",52,"SLU01","UD02"
"1535",39,"SLU01","UD04"
"1536",25,"SLU01","UD07"
"1537",2,"SLU01","UW01"
"1538",2,"SLU01","UW02"
"1539",15,"SLU01","UW04"
"1540",6,"SLU01","UW07"
"1541",8,"SLU01","UW10"
"1542",34,"SLU01","WF01"
"1543",31,"SLU01","WF04"
"1544",140,"SLU02","BT01"
"1545",37,"SLU02","BT03"
"1546",51,"SLU02","BT04"
"1547",63,"SLU02","BT05"
"1548",60,"SLU02","CBD03"
"1549",13,"SLU02","CBD04"
"1550",101,"SLU02","CBD05"
"1551",60,"SLU02","CBD06"
"1552",8,"SLU02","CBD07"
"1553",84,"SLU02","CBD13"
"1554",5,"SLU02","CH01"
"1555",4,"SLU02","CH02"
"1556",8,"SLU02","CH03"
"1557",1,"SLU02","CH05"
"1558",1,"SLU02","CH07"
"1559",7,"SLU02","CH08"
"1560",9,"SLU02","CH09"
"1561",4,"SLU02","CH12"
"1562",3,"SLU02","CH15"
"1563",173,"SLU02","DPD01"
"1564",72,"SLU02","EL01"
"1565",189,"SLU02","EL03"
"1566",65,"SLU02","EL05"
"1567",2,"SLU02","FH01"
"1568",2,"SLU02","FH04"
"1569",9,"SLU02","ID04"
"1570",2,"SLU02","Pronto shop"
"1571",32,"SLU02","PS04"
"1572",31,"SLU02","PS05"
"1573",65,"SLU02","SLU01"
"1574",240,"SLU02","SLU02"
"1575",318,"SLU02","SLU04"
"1576",503,"SLU02","SLU07"
"1577",247,"SLU02","SLU15"
"1578",67,"SLU02","SLU16"
"1579",105,"SLU02","SLU17"
"1580",76,"SLU02","SLU18"
"1581",104,"SLU02","SLU19"
"1582",69,"SLU02","SLU20"
"1583",2,"SLU02","SLU21"
"1584",4,"SLU02","UD01"
"1585",1,"SLU02","UD02"
"1586",46,"SLU02","UD04"
"1587",12,"SLU02","UD07"
"1588",2,"SLU02","UW01"
"1589",4,"SLU02","UW02"
"1590",34,"SLU02","UW04"
"1591",4,"SLU02","UW06"
"1592",4,"SLU02","UW07"
"1593",48,"SLU02","UW10"
"1594",57,"SLU02","WF01"
"1595",27,"SLU02","WF04"
"1596",126,"SLU04","BT01"
"1597",305,"SLU04","BT03"
"1598",66,"SLU04","BT04"
"1599",87,"SLU04","BT05"
"1600",65,"SLU04","CBD03"
"1601",13,"SLU04","CBD04"
"1602",56,"SLU04","CBD05"
"1603",71,"SLU04","CBD06"
"1604",22,"SLU04","CBD07"
"1605",140,"SLU04","CBD13"
"1606",2,"SLU04","CD01"
"1607",12,"SLU04","CH01"
"1608",5,"SLU04","CH02"
"1609",12,"SLU04","CH03"
"1610",5,"SLU04","CH05"
"1611",5,"SLU04","CH06"
"1612",9,"SLU04","CH07"
"1613",10,"SLU04","CH08"
"1614",6,"SLU04","CH09"
"1615",35,"SLU04","CH12"
"1616",8,"SLU04","CH15"
"1617",19,"SLU04","DPD01"
"1618",55,"SLU04","EL01"
"1619",226,"SLU04","EL03"
"1620",49,"SLU04","EL05"
"1621",9,"SLU04","FH01"
"1622",5,"SLU04","FH04"
"1623",14,"SLU04","ID04"
"1624",40,"SLU04","PS04"
"1625",42,"SLU04","PS05"
"1626",84,"SLU04","SLU01"
"1627",277,"SLU04","SLU02"
"1628",111,"SLU04","SLU04"
"1629",177,"SLU04","SLU07"
"1630",299,"SLU04","SLU15"
"1631",89,"SLU04","SLU16"
"1632",70,"SLU04","SLU17"
"1633",102,"SLU04","SLU18"
"1634",115,"SLU04","SLU19"
"1635",49,"SLU04","SLU20"
"1636",13,"SLU04","UD01"
"1637",6,"SLU04","UD02"
"1638",18,"SLU04","UD04"
"1639",9,"SLU04","UD07"
"1640",4,"SLU04","UW02"
"1641",13,"SLU04","UW04"
"1642",7,"SLU04","UW07"
"1643",7,"SLU04","UW10"
"1644",46,"SLU04","WF01"
"1645",7,"SLU04","WF04"
"1646",194,"SLU07","BT01"
"1647",178,"SLU07","BT03"
"1648",49,"SLU07","BT04"
"1649",146,"SLU07","BT05"
"1650",128,"SLU07","CBD03"
"1651",67,"SLU07","CBD04"
"1652",43,"SLU07","CBD05"
"1653",112,"SLU07","CBD06"
"1654",26,"SLU07","CBD07"
"1655",194,"SLU07","CBD13"
"1656",1,"SLU07","CD01"
"1657",22,"SLU07","CH01"
"1658",8,"SLU07","CH02"
"1659",10,"SLU07","CH03"
"1660",7,"SLU07","CH05"
"1661",5,"SLU07","CH06"
"1662",16,"SLU07","CH07"
"1663",75,"SLU07","CH08"
"1664",18,"SLU07","CH09"
"1665",23,"SLU07","CH12"
"1666",3,"SLU07","CH15"
"1667",249,"SLU07","DPD01"
"1668",65,"SLU07","EL01"
"1669",96,"SLU07","EL03"
"1670",28,"SLU07","EL05"
"1671",7,"SLU07","FH01"
"1672",7,"SLU07","FH04"
"1673",12,"SLU07","ID04"
"1674",48,"SLU07","PS04"
"1675",29,"SLU07","PS05"
"1676",182,"SLU07","SLU01"
"1677",447,"SLU07","SLU02"
"1678",174,"SLU07","SLU04"
"1679",138,"SLU07","SLU07"
"1680",225,"SLU07","SLU15"
"1681",210,"SLU07","SLU16"
"1682",86,"SLU07","SLU17"
"1683",30,"SLU07","SLU18"
"1684",149,"SLU07","SLU19"
"1685",38,"SLU07","SLU20"
"1686",2,"SLU07","UD01"
"1687",1,"SLU07","UD02"
"1688",18,"SLU07","UD04"
"1689",5,"SLU07","UD07"
"1690",1,"SLU07","UW01"
"1691",2,"SLU07","UW02"
"1692",4,"SLU07","UW04"
"1693",1,"SLU07","UW06"
"1694",4,"SLU07","UW07"
"1695",9,"SLU07","UW10"
"1696",104,"SLU07","WF01"
"1697",32,"SLU07","WF04"
"1698",292,"SLU15","BT01"
"1699",164,"SLU15","BT03"
"1700",80,"SLU15","BT04"
"1701",123,"SLU15","BT05"
"1702",56,"SLU15","CBD03"
"1703",13,"SLU15","CBD04"
"1704",216,"SLU15","CBD05"
"1705",171,"SLU15","CBD06"
"1706",67,"SLU15","CBD07"
"1707",161,"SLU15","CBD13"
"1708",2,"SLU15","CD01"
"1709",24,"SLU15","CH01"
"1710",20,"SLU15","CH02"
"1711",14,"SLU15","CH03"
"1712",6,"SLU15","CH05"
"1713",5,"SLU15","CH06"
"1714",37,"SLU15","CH07"
"1715",24,"SLU15","CH08"
"1716",22,"SLU15","CH09"
"1717",45,"SLU15","CH12"
"1718",6,"SLU15","CH15"
"1719",343,"SLU15","DPD01"
"1720",1,"SLU15","DPD03"
"1721",171,"SLU15","EL01"
"1722",116,"SLU15","EL03"
"1723",64,"SLU15","EL05"
"1724",11,"SLU15","FH01"
"1725",7,"SLU15","FH04"
"1726",45,"SLU15","ID04"
"1727",183,"SLU15","PS04"
"1728",98,"SLU15","PS05"
"1729",296,"SLU15","SLU01"
"1730",390,"SLU15","SLU02"
"1731",401,"SLU15","SLU04"
"1732",274,"SLU15","SLU07"
"1733",235,"SLU15","SLU15"
"1734",44,"SLU15","SLU16"
"1735",155,"SLU15","SLU17"
"1736",74,"SLU15","SLU18"
"1737",213,"SLU15","SLU19"
"1738",29,"SLU15","SLU20"
"1739",5,"SLU15","SLU21"
"1740",7,"SLU15","UD01"
"1741",5,"SLU15","UD02"
"1742",12,"SLU15","UD04"
"1743",10,"SLU15","UD07"
"1744",5,"SLU15","UW04"
"1745",3,"SLU15","UW07"
"1746",163,"SLU15","WF01"
"1747",98,"SLU15","WF04"
"1748",117,"SLU16","BT01"
"1749",119,"SLU16","BT03"
"1750",39,"SLU16","BT04"
"1751",74,"SLU16","BT05"
"1752",24,"SLU16","CBD03"
"1753",18,"SLU16","CBD04"
"1754",47,"SLU16","CBD05"
"1755",87,"SLU16","CBD06"
"1756",33,"SLU16","CBD07"
"1757",246,"SLU16","CBD13"
"1758",2,"SLU16","CD01"
"1759",49,"SLU16","CH01"
"1760",80,"SLU16","CH02"
"1761",53,"SLU16","CH03"
"1762",23,"SLU16","CH05"
"1763",62,"SLU16","CH06"
"1764",80,"SLU16","CH07"
"1765",125,"SLU16","CH08"
"1766",87,"SLU16","CH09"
"1767",53,"SLU16","CH12"
"1768",13,"SLU16","CH15"
"1769",152,"SLU16","DPD01"
"1770",31,"SLU16","EL01"
"1771",18,"SLU16","EL03"
"1772",14,"SLU16","EL05"
"1773",17,"SLU16","FH01"
"1774",29,"SLU16","FH04"
"1775",33,"SLU16","ID04"
"1776",59,"SLU16","PS04"
"1777",32,"SLU16","PS05"
"1778",479,"SLU16","SLU01"
"1779",41,"SLU16","SLU02"
"1780",274,"SLU16","SLU04"
"1781",395,"SLU16","SLU07"
"1782",62,"SLU16","SLU15"
"1783",151,"SLU16","SLU16"
"1784",60,"SLU16","SLU17"
"1785",59,"SLU16","SLU18"
"1786",45,"SLU16","SLU19"
"1787",18,"SLU16","SLU20"
"1788",2,"SLU16","SLU21"
"1789",4,"SLU16","UD01"
"1790",7,"SLU16","UD04"
"1791",3,"SLU16","UD07"
"1792",1,"SLU16","UW02"
"1793",6,"SLU16","UW04"
"1794",2,"SLU16","UW07"
"1795",1,"SLU16","UW10"
"1796",44,"SLU16","WF01"
"1797",43,"SLU16","WF04"
"1798",178,"SLU17","BT01"
"1799",20,"SLU17","BT03"
"1800",29,"SLU17","BT04"
"1801",56,"SLU17","BT05"
"1802",35,"SLU17","CBD03"
"1803",4,"SLU17","CBD04"
"1804",23,"SLU17","CBD05"
"1805",31,"SLU17","CBD06"
"1806",16,"SLU17","CBD07"
"1807",90,"SLU17","CBD13"
"1808",17,"SLU17","CH01"
"1809",13,"SLU17","CH02"
"1810",20,"SLU17","CH03"
"1811",1,"SLU17","CH06"
"1812",3,"SLU17","CH07"
"1813",4,"SLU17","CH08"
"1814",8,"SLU17","CH09"
"1815",15,"SLU17","CH12"
"1816",14,"SLU17","CH15"
"1817",34,"SLU17","DPD01"
"1818",2,"SLU17","DPD03"
"1819",110,"SLU17","EL01"
"1820",414,"SLU17","EL03"
"1821",240,"SLU17","EL05"
"1822",7,"SLU17","FH01"
"1823",5,"SLU17","ID04"
"1824",1,"SLU17","Pronto shop"
"1825",9,"SLU17","PS04"
"1826",25,"SLU17","PS05"
"1827",69,"SLU17","SLU01"
"1828",52,"SLU17","SLU02"
"1829",80,"SLU17","SLU04"
"1830",95,"SLU17","SLU07"
"1831",139,"SLU17","SLU15"
"1832",35,"SLU17","SLU16"
"1833",582,"SLU17","SLU17"
"1834",68,"SLU17","SLU18"
"1835",86,"SLU17","SLU19"
"1836",12,"SLU17","SLU20"
"1837",17,"SLU17","UD01"
"1838",10,"SLU17","UD02"
"1839",115,"SLU17","UD04"
"1840",17,"SLU17","UD07"
"1841",12,"SLU17","UW02"
"1842",43,"SLU17","UW04"
"1843",6,"SLU17","UW06"
"1844",1,"SLU17","UW07"
"1845",42,"SLU17","UW10"
"1846",61,"SLU17","WF01"
"1847",43,"SLU17","WF04"
"1848",121,"SLU18","BT01"
"1849",126,"SLU18","BT03"
"1850",12,"SLU18","BT04"
"1851",44,"SLU18","BT05"
"1852",88,"SLU18","CBD03"
"1853",11,"SLU18","CBD04"
"1854",33,"SLU18","CBD05"
"1855",48,"SLU18","CBD06"
"1856",21,"SLU18","CBD07"
"1857",134,"SLU18","CBD13"
"1858",21,"SLU18","CH01"
"1859",9,"SLU18","CH02"
"1860",6,"SLU18","CH03"
"1861",13,"SLU18","CH05"
"1862",2,"SLU18","CH06"
"1863",10,"SLU18","CH07"
"1864",17,"SLU18","CH08"
"1865",21,"SLU18","CH09"
"1866",27,"SLU18","CH12"
"1867",8,"SLU18","CH15"
"1868",233,"SLU18","DPD01"
"1869",20,"SLU18","EL01"
"1870",180,"SLU18","EL03"
"1871",25,"SLU18","EL05"
"1872",4,"SLU18","FH01"
"1873",3,"SLU18","FH04"
"1874",11,"SLU18","ID04"
"1875",34,"SLU18","PS04"
"1876",10,"SLU18","PS05"
"1877",112,"SLU18","SLU01"
"1878",202,"SLU18","SLU02"
"1879",175,"SLU18","SLU04"
"1880",112,"SLU18","SLU07"
"1881",72,"SLU18","SLU15"
"1882",72,"SLU18","SLU16"
"1883",88,"SLU18","SLU17"
"1884",167,"SLU18","SLU18"
"1885",108,"SLU18","SLU19"
"1886",24,"SLU18","SLU20"
"1887",3,"SLU18","UD02"
"1888",9,"SLU18","UD04"
"1889",6,"SLU18","UD07"
"1890",2,"SLU18","UW02"
"1891",3,"SLU18","UW04"
"1892",2,"SLU18","UW07"
"1893",2,"SLU18","UW10"
"1894",52,"SLU18","WF01"
"1895",66,"SLU18","WF04"
"1896",152,"SLU19","BT01"
"1897",181,"SLU19","BT03"
"1898",47,"SLU19","BT04"
"1899",207,"SLU19","BT05"
"1900",120,"SLU19","CBD03"
"1901",20,"SLU19","CBD04"
"1902",334,"SLU19","CBD05"
"1903",146,"SLU19","CBD06"
"1904",64,"SLU19","CBD07"
"1905",199,"SLU19","CBD13"
"1906",3,"SLU19","CD01"
"1907",14,"SLU19","CH01"
"1908",5,"SLU19","CH02"
"1909",5,"SLU19","CH03"
"1910",2,"SLU19","CH05"
"1911",3,"SLU19","CH07"
"1912",8,"SLU19","CH08"
"1913",14,"SLU19","CH09"
"1914",20,"SLU19","CH12"
"1915",3,"SLU19","CH15"
"1916",151,"SLU19","DPD01"
"1917",32,"SLU19","EL01"
"1918",143,"SLU19","EL03"
"1919",21,"SLU19","EL05"
"1920",2,"SLU19","FH01"
"1921",3,"SLU19","FH04"
"1922",20,"SLU19","ID04"
"1923",150,"SLU19","PS04"
"1924",96,"SLU19","PS05"
"1925",63,"SLU19","SLU01"
"1926",108,"SLU19","SLU02"
"1927",113,"SLU19","SLU04"
"1928",231,"SLU19","SLU07"
"1929",157,"SLU19","SLU15"
"1930",17,"SLU19","SLU16"
"1931",98,"SLU19","SLU17"
"1932",49,"SLU19","SLU18"
"1933",308,"SLU19","SLU19"
"1934",11,"SLU19","SLU20"
"1935",3,"SLU19","SLU21"
"1936",1,"SLU19","UD02"
"1937",12,"SLU19","UD04"
"1938",7,"SLU19","UD07"
"1939",4,"SLU19","UW04"
"1940",4,"SLU19","UW10"
"1941",253,"SLU19","WF01"
"1942",161,"SLU19","WF04"
"1943",58,"SLU20","BT01"
"1944",31,"SLU20","BT03"
"1945",44,"SLU20","BT04"
"1946",33,"SLU20","BT05"
"1947",11,"SLU20","CBD03"
"1948",15,"SLU20","CBD04"
"1949",2,"SLU20","CBD05"
"1950",28,"SLU20","CBD06"
"1951",3,"SLU20","CBD07"
"1952",73,"SLU20","CBD13"
"1953",2,"SLU20","CD01"
"1954",1,"SLU20","CH01"
"1955",3,"SLU20","CH02"
"1956",1,"SLU20","CH03"
"1957",3,"SLU20","CH05"
"1958",4,"SLU20","CH06"
"1959",9,"SLU20","CH07"
"1960",13,"SLU20","CH08"
"1961",18,"SLU20","CH09"
"1962",11,"SLU20","CH12"
"1963",24,"SLU20","DPD01"
"1964",4,"SLU20","EL01"
"1965",18,"SLU20","EL03"
"1966",13,"SLU20","EL05"
"1967",1,"SLU20","FH04"
"1968",9,"SLU20","ID04"
"1969",4,"SLU20","Pronto shop"
"1970",10,"SLU20","PS04"
"1971",12,"SLU20","PS05"
"1972",98,"SLU20","SLU01"
"1973",95,"SLU20","SLU02"
"1974",98,"SLU20","SLU04"
"1975",46,"SLU20","SLU07"
"1976",44,"SLU20","SLU15"
"1977",11,"SLU20","SLU16"
"1978",22,"SLU20","SLU17"
"1979",27,"SLU20","SLU18"
"1980",11,"SLU20","SLU19"
"1981",46,"SLU20","SLU20"
"1982",1,"SLU20","SLU21"
"1983",2,"SLU20","UD01"
"1984",1,"SLU20","UD02"
"1985",4,"SLU20","UD04"
"1986",1,"SLU20","UD07"
"1987",1,"SLU20","UW04"
"1988",3,"SLU20","UW10"
"1989",12,"SLU20","WF01"
"1990",6,"SLU20","WF04"
"1991",1,"SLU21","CBD04"
"1992",1,"SLU21","CBD06"
"1993",1,"SLU21","CBD07"
"1994",5,"SLU21","CBD13"
"1995",4,"SLU21","CH03"
"1996",2,"SLU21","CH15"
"1997",13,"SLU21","EL03"
"1998",5,"SLU21","EL05"
"1999",1,"SLU21","SLU01"
"2000",2,"SLU21","SLU02"
"2001",3,"SLU21","SLU04"
"2002",5,"SLU21","SLU07"
"2003",2,"SLU21","SLU15"
"2004",4,"SLU21","SLU16"
"2005",9,"SLU21","SLU17"
"2006",7,"SLU21","SLU18"
"2007",5,"SLU21","SLU19"
"2008",1,"SLU21","SLU20"
"2009",5,"SLU21","SLU21"
"2010",2,"SLU21","UD01"
"2011",5,"UD01","BT01"
"2012",47,"UD01","BT03"
"2013",1,"UD01","BT04"
"2014",3,"UD01","CBD03"
"2015",1,"UD01","CBD04"
"2016",9,"UD01","CBD13"
"2017",3,"UD01","CH02"
"2018",1,"UD01","CH03"
"2019",5,"UD01","CH05"
"2020",2,"UD01","CH06"
"2021",1,"UD01","CH07"
"2022",3,"UD01","CH08"
"2023",4,"UD01","CH09"
"2024",4,"UD01","CH12"
"2025",3,"UD01","DPD01"
"2026",235,"UD01","DPD03"
"2027",13,"UD01","EL01"
"2028",13,"UD01","EL03"
"2029",65,"UD01","EL05"
"2030",3,"UD01","PS04"
"2031",1,"UD01","PS05"
"2032",8,"UD01","SLU01"
"2033",16,"UD01","SLU02"
"2034",18,"UD01","SLU04"
"2035",2,"UD01","SLU07"
"2036",4,"UD01","SLU15"
"2037",2,"UD01","SLU16"
"2038",33,"UD01","SLU17"
"2039",4,"UD01","SLU18"
"2040",1,"UD01","SLU19"
"2041",1,"UD01","SLU20"
"2042",509,"UD01","UD01"
"2043",24,"UD01","UD02"
"2044",105,"UD01","UD04"
"2045",34,"UD01","UD07"
"2046",17,"UD01","UW01"
"2047",38,"UD01","UW02"
"2048",198,"UD01","UW04"
"2049",102,"UD01","UW06"
"2050",133,"UD01","UW07"
"2051",95,"UD01","UW10"
"2052",1,"UD01","WF01"
"2053",6,"UD02","BT01"
"2054",6,"UD02","BT03"
"2055",5,"UD02","BT04"
"2056",2,"UD02","BT05"
"2057",5,"UD02","CBD03"
"2058",5,"UD02","CBD06"
"2059",1,"UD02","CBD13"
"2060",2,"UD02","CD01"
"2061",14,"UD02","CH02"
"2062",3,"UD02","CH03"
"2063",3,"UD02","CH05"
"2064",3,"UD02","CH07"
"2065",1,"UD02","CH09"
"2066",4,"UD02","CH15"
"2067",13,"UD02","DPD01"
"2068",8,"UD02","DPD03"
"2069",14,"UD02","EL01"
"2070",17,"UD02","EL03"
"2071",39,"UD02","EL05"
"2072",4,"UD02","FH04"
"2073",1,"UD02","ID04"
"2074",1,"UD02","PS05"
"2075",11,"UD02","SLU01"
"2076",11,"UD02","SLU02"
"2077",5,"UD02","SLU04"
"2078",2,"UD02","SLU07"
"2079",5,"UD02","SLU15"
"2080",5,"UD02","SLU16"
"2081",28,"UD02","SLU17"
"2082",5,"UD02","SLU18"
"2083",4,"UD02","SLU19"
"2084",6,"UD02","SLU21"
"2085",38,"UD02","UD01"
"2086",105,"UD02","UD02"
"2087",57,"UD02","UD04"
"2088",25,"UD02","UD07"
"2089",20,"UD02","UW01"
"2090",7,"UD02","UW02"
"2091",30,"UD02","UW04"
"2092",50,"UD02","UW06"
"2093",18,"UD02","UW07"
"2094",39,"UD02","UW10"
"2095",2,"UD02","WF01"
"2096",10,"UD04","BT01"
"2097",7,"UD04","BT03"
"2098",4,"UD04","BT04"
"2099",8,"UD04","BT05"
"2100",13,"UD04","CBD03"
"2101",3,"UD04","CBD05"
"2102",9,"UD04","CBD06"
"2103",1,"UD04","CBD07"
"2104",7,"UD04","CBD13"
"2105",3,"UD04","CD01"
"2106",3,"UD04","CH01"
"2107",30,"UD04","CH02"
"2108",10,"UD04","CH03"
"2109",11,"UD04","CH05"
"2110",5,"UD04","CH06"
"2111",18,"UD04","CH07"
"2112",10,"UD04","CH08"
"2113",4,"UD04","CH09"
"2114",3,"UD04","CH12"
"2115",11,"UD04","CH15"
"2116",29,"UD04","DPD01"
"2117",50,"UD04","DPD03"
"2118",43,"UD04","EL01"
"2119",90,"UD04","EL03"
"2120",128,"UD04","EL05"
"2121",2,"UD04","PS04"
"2122",19,"UD04","SLU01"
"2123",38,"UD04","SLU02"
"2124",17,"UD04","SLU04"
"2125",8,"UD04","SLU07"
"2126",9,"UD04","SLU15"
"2127",3,"UD04","SLU16"
"2128",81,"UD04","SLU17"
"2129",12,"UD04","SLU18"
"2130",10,"UD04","SLU19"
"2131",2,"UD04","SLU20"
"2132",1,"UD04","SLU21"
"2133",98,"UD04","UD01"
"2134",29,"UD04","UD02"
"2135",393,"UD04","UD04"
"2136",75,"UD04","UD07"
"2137",36,"UD04","UW01"
"2138",17,"UD04","UW02"
"2139",55,"UD04","UW04"
"2140",315,"UD04","UW06"
"2141",90,"UD04","UW07"
"2142",73,"UD04","UW10"
"2143",8,"UD04","WF01"
"2144",3,"UD04","WF04"
"2145",2,"UD07","BT01"
"2146",1,"UD07","BT03"
"2147",1,"UD07","BT04"
"2148",1,"UD07","BT05"
"2149",4,"UD07","CBD03"
"2150",2,"UD07","CBD05"
"2151",1,"UD07","CBD06"
"2152",5,"UD07","CBD13"
"2153",7,"UD07","CH01"
"2154",8,"UD07","CH02"
"2155",5,"UD07","CH03"
"2156",6,"UD07","CH05"
"2157",5,"UD07","CH07"
"2158",1,"UD07","CH08"
"2159",1,"UD07","CH09"
"2160",2,"UD07","CH12"
"2161",1,"UD07","CH15"
"2162",2,"UD07","DPD01"
"2163",21,"UD07","DPD03"
"2164",33,"UD07","EL01"
"2165",45,"UD07","EL03"
"2166",75,"UD07","EL05"
"2167",3,"UD07","FH04"
"2168",12,"UD07","SLU01"
"2169",12,"UD07","SLU02"
"2170",16,"UD07","SLU04"
"2171",3,"UD07","SLU07"
"2172",3,"UD07","SLU15"
"2173",21,"UD07","SLU17"
"2174",15,"UD07","SLU18"
"2175",14,"UD07","SLU19"
"2176",8,"UD07","SLU20"
"2177",66,"UD07","UD01"
"2178",25,"UD07","UD02"
"2179",178,"UD07","UD04"
"2180",223,"UD07","UD07"
"2181",25,"UD07","UW01"
"2182",134,"UD07","UW02"
"2183",65,"UD07","UW04"
"2184",89,"UD07","UW06"
"2185",46,"UD07","UW07"
"2186",92,"UD07","UW10"
"2187",2,"UD07","WF01"
"2188",5,"UD07","WF04"
"2189",1,"UW01","CH02"
"2190",1,"UW01","CH06"
"2191",1,"UW01","CH15"
"2192",5,"UW01","DPD03"
"2193",2,"UW01","EL01"
"2194",2,"UW01","EL03"
"2195",5,"UW01","EL05"
"2196",1,"UW01","SLU04"
"2197",2,"UW01","SLU07"
"2198",5,"UW01","SLU17"
"2199",1,"UW01","SLU18"
"2200",37,"UW01","UD01"
"2201",8,"UW01","UD02"
"2202",26,"UW01","UD04"
"2203",13,"UW01","UD07"
"2204",30,"UW01","UW01"
"2205",23,"UW01","UW02"
"2206",90,"UW01","UW04"
"2207",196,"UW01","UW06"
"2208",22,"UW01","UW07"
"2209",4,"UW01","UW10"
"2210",6,"UW02","BT01"
"2211",1,"UW02","BT03"
"2212",1,"UW02","BT05"
"2213",3,"UW02","CBD03"
"2214",1,"UW02","CBD05"
"2215",13,"UW02","CBD06"
"2216",1,"UW02","CBD13"
"2217",4,"UW02","CH02"
"2218",1,"UW02","CH05"
"2219",1,"UW02","CH06"
"2220",1,"UW02","CH07"
"2221",1,"UW02","CH08"
"2222",2,"UW02","CH12"
"2223",2,"UW02","CH15"
"2224",8,"UW02","DPD01"
"2225",15,"UW02","DPD03"
"2226",14,"UW02","EL01"
"2227",22,"UW02","EL03"
"2228",21,"UW02","EL05"
"2229",1,"UW02","PS04"
"2230",3,"UW02","SLU01"
"2231",6,"UW02","SLU02"
"2232",2,"UW02","SLU04"
"2233",3,"UW02","SLU07"
"2234",10,"UW02","SLU15"
"2235",13,"UW02","SLU17"
"2236",2,"UW02","SLU20"
"2237",121,"UW02","UD01"
"2238",31,"UW02","UD02"
"2239",50,"UW02","UD04"
"2240",78,"UW02","UD07"
"2241",56,"UW02","UW01"
"2242",250,"UW02","UW02"
"2243",56,"UW02","UW04"
"2244",156,"UW02","UW06"
"2245",86,"UW02","UW07"
"2246",35,"UW02","UW10"
"2247",4,"UW02","WF01"
"2248",4,"UW02","WF04"
"2249",10,"UW04","BT01"
"2250",2,"UW04","BT03"
"2251",1,"UW04","BT04"
"2252",1,"UW04","BT05"
"2253",2,"UW04","CBD03"
"2254",22,"UW04","CBD06"
"2255",2,"UW04","CBD07"
"2256",9,"UW04","CBD13"
"2257",3,"UW04","CH01"
"2258",19,"UW04","CH02"
"2259",3,"UW04","CH03"
"2260",7,"UW04","CH05"
"2261",2,"UW04","CH06"
"2262",6,"UW04","CH07"
"2263",3,"UW04","CH09"
"2264",6,"UW04","CH12"
"2265",4,"UW04","CH15"
"2266",15,"UW04","DPD01"
"2267",49,"UW04","DPD03"
"2268",26,"UW04","EL01"
"2269",60,"UW04","EL03"
"2270",200,"UW04","EL05"
"2271",1,"UW04","ID04"
"2272",3,"UW04","PS04"
"2273",11,"UW04","SLU01"
"2274",22,"UW04","SLU02"
"2275",12,"UW04","SLU04"
"2276",5,"UW04","SLU07"
"2277",16,"UW04","SLU15"
"2278",9,"UW04","SLU16"
"2279",32,"UW04","SLU17"
"2280",8,"UW04","SLU18"
"2281",9,"UW04","SLU19"
"2282",2,"UW04","SLU21"
"2283",182,"UW04","UD01"
"2284",40,"UW04","UD02"
"2285",46,"UW04","UD04"
"2286",45,"UW04","UD07"
"2287",22,"UW04","UW01"
"2288",28,"UW04","UW02"
"2289",187,"UW04","UW04"
"2290",82,"UW04","UW06"
"2291",73,"UW04","UW07"
"2292",71,"UW04","UW10"
"2293",6,"UW04","WF01"
"2294",9,"UW04","WF04"
"2295",4,"UW06","BT01"
"2296",1,"UW06","BT04"
"2297",2,"UW06","CBD03"
"2298",1,"UW06","CBD13"
"2299",1,"UW06","CH03"
"2300",1,"UW06","CH05"
"2301",7,"UW06","CH07"
"2302",1,"UW06","CH08"
"2303",4,"UW06","CH15"
"2304",3,"UW06","DPD01"
"2305",25,"UW06","DPD03"
"2306",4,"UW06","EL01"
"2307",13,"UW06","EL03"
"2308",51,"UW06","EL05"
"2309",6,"UW06","SLU02"
"2310",1,"UW06","SLU04"
"2311",1,"UW06","SLU07"
"2312",3,"UW06","SLU16"
"2313",10,"UW06","SLU17"
"2314",4,"UW06","SLU19"
"2315",2,"UW06","SLU20"
"2316",210,"UW06","UD01"
"2317",81,"UW06","UD02"
"2318",208,"UW06","UD04"
"2319",36,"UW06","UD07"
"2320",163,"UW06","UW01"
"2321",115,"UW06","UW02"
"2322",179,"UW06","UW04"
"2323",108,"UW06","UW06"
"2324",74,"UW06","UW07"
"2325",53,"UW06","UW10"
"2326",5,"UW07","CBD03"
"2327",4,"UW07","CBD13"
"2328",6,"UW07","CH02"
"2329",3,"UW07","CH03"
"2330",7,"UW07","CH05"
"2331",1,"UW07","CH06"
"2332",3,"UW07","CH07"
"2333",1,"UW07","CH09"
"2334",3,"UW07","CH12"
"2335",3,"UW07","CH15"
"2336",4,"UW07","DPD01"
"2337",61,"UW07","DPD03"
"2338",7,"UW07","EL01"
"2339",11,"UW07","EL03"
"2340",39,"UW07","EL05"
"2341",2,"UW07","FH04"
"2342",1,"UW07","PS04"
"2343",1,"UW07","PS05"
"2344",1,"UW07","SLU01"
"2345",1,"UW07","SLU02"
"2346",2,"UW07","SLU07"
"2347",1,"UW07","SLU15"
"2348",2,"UW07","SLU16"
"2349",5,"UW07","SLU17"
"2350",5,"UW07","SLU18"
"2351",194,"UW07","UD01"
"2352",19,"UW07","UD02"
"2353",89,"UW07","UD04"
"2354",28,"UW07","UD07"
"2355",35,"UW07","UW01"
"2356",23,"UW07","UW02"
"2357",98,"UW07","UW04"
"2358",23,"UW07","UW06"
"2359",122,"UW07","UW07"
"2360",63,"UW07","UW10"
"2361",1,"UW07","WF04"
"2362",2,"UW10","BT03"
"2363",1,"UW10","CBD05"
"2364",11,"UW10","CBD13"
"2365",4,"UW10","CH01"
"2366",11,"UW10","CH02"
"2367",9,"UW10","CH03"
"2368",11,"UW10","CH05"
"2369",2,"UW10","CH08"
"2370",16,"UW10","CH09"
"2371",30,"UW10","CH12"
"2372",3,"UW10","CH15"
"2373",3,"UW10","DPD01"
"2374",24,"UW10","DPD03"
"2375",17,"UW10","EL01"
"2376",29,"UW10","EL03"
"2377",78,"UW10","EL05"
"2378",7,"UW10","SLU01"
"2379",30,"UW10","SLU02"
"2380",10,"UW10","SLU04"
"2381",3,"UW10","SLU07"
"2382",4,"UW10","SLU15"
"2383",1,"UW10","SLU16"
"2384",32,"UW10","SLU17"
"2385",3,"UW10","SLU18"
"2386",1,"UW10","SLU20"
"2387",73,"UW10","UD01"
"2388",21,"UW10","UD02"
"2389",63,"UW10","UD04"
"2390",32,"UW10","UD07"
"2391",12,"UW10","UW01"
"2392",14,"UW10","UW02"
"2393",39,"UW10","UW04"
"2394",22,"UW10","UW06"
"2395",62,"UW10","UW07"
"2396",156,"UW10","UW10"
"2397",4,"UW10","WF01"
"2398",1,"UW10","WF04"
"2399",243,"WF01","BT01"
"2400",64,"WF01","BT03"
"2401",18,"WF01","BT04"
"2402",89,"WF01","BT05"
"2403",81,"WF01","CBD03"
"2404",12,"WF01","CBD04"
"2405",482,"WF01","CBD05"
"2406",137,"WF01","CBD06"
"2407",40,"WF01","CBD07"
"2408",240,"WF01","CBD13"
"2409",14,"WF01","CD01"
"2410",1,"WF01","CH01"
"2411",3,"WF01","CH03"
"2412",3,"WF01","CH05"
"2413",1,"WF01","CH07"
"2414",5,"WF01","CH09"
"2415",7,"WF01","CH12"
"2416",21,"WF01","DPD01"
"2417",1,"WF01","EL01"
"2418",2,"WF01","EL03"
"2419",14,"WF01","EL05"
"2420",2,"WF01","FH01"
"2421",5,"WF01","FH04"
"2422",26,"WF01","ID04"
"2423",277,"WF01","PS04"
"2424",465,"WF01","PS05"
"2425",16,"WF01","SLU01"
"2426",37,"WF01","SLU02"
"2427",7,"WF01","SLU04"
"2428",15,"WF01","SLU07"
"2429",52,"WF01","SLU15"
"2430",30,"WF01","SLU16"
"2431",50,"WF01","SLU17"
"2432",29,"WF01","SLU18"
"2433",237,"WF01","SLU19"
"2434",2,"WF01","SLU20"
"2435",2,"WF01","UD01"
"2436",1,"WF01","UD02"
"2437",13,"WF01","UD04"
"2438",3,"WF01","UD07"
"2439",1,"WF01","UW02"
"2440",10,"WF01","UW04"
"2441",8,"WF01","UW10"
"2442",2615,"WF01","WF01"
"2443",1361,"WF01","WF04"
"2444",285,"WF04","BT01"
"2445",61,"WF04","BT03"
"2446",4,"WF04","BT04"
"2447",69,"WF04","BT05"
"2448",34,"WF04","CBD03"
"2449",4,"WF04","CBD04"
"2450",146,"WF04","CBD05"
"2451",59,"WF04","CBD06"
"2452",30,"WF04","CBD07"
"2453",74,"WF04","CBD13"
"2454",2,"WF04","CD01"
"2455",2,"WF04","CH01"
"2456",3,"WF04","CH03"
"2457",1,"WF04","CH05"
"2458",1,"WF04","CH06"
"2459",6,"WF04","CH08"
"2460",3,"WF04","CH09"
"2461",10,"WF04","CH12"
"2462",1,"WF04","CH15"
"2463",11,"WF04","DPD01"
"2464",3,"WF04","EL01"
"2465",5,"WF04","EL03"
"2466",2,"WF04","EL05"
"2467",8,"WF04","FH01"
"2468",2,"WF04","FH04"
"2469",67,"WF04","ID04"
"2470",239,"WF04","PS04"
"2471",144,"WF04","PS05"
"2472",9,"WF04","SLU01"
"2473",28,"WF04","SLU02"
"2474",4,"WF04","SLU04"
"2475",15,"WF04","SLU07"
"2476",44,"WF04","SLU15"
"2477",14,"WF04","SLU16"
"2478",9,"WF04","SLU17"
"2479",29,"WF04","SLU18"
"2480",132,"WF04","SLU19"
"2481",4,"WF04","SLU20"
"2482",4,"WF04","UD02"
"2483",4,"WF04","UD04"
"2484",1,"WF04","UD07"
"2485",1,"WF04","UW04"
"2486",1,"WF04","UW07"
"2487",2,"WF04","UW10"
"2488",955,"WF04","WF01"
"2489",629,"WF04","WF04"
